[2026-04-24T13:17:48.800+0000] {manager.py:470} INFO - Processing files using up to 2 processes at a time 
[2026-04-24T13:17:48.802+0000] {manager.py:471} INFO - Process each file at most once every 30 seconds
[2026-04-24T13:17:48.804+0000] {manager.py:472} INFO - Checking for new files in /opt/airflow/dags every 300 seconds
[2026-04-24T13:17:48.806+0000] {manager.py:737} INFO - Searching for files in /opt/airflow/dags
[2026-04-24T13:17:48.815+0000] {manager.py:740} INFO - There are 0 files in /opt/airflow/dags
[2026-04-24T13:22:49.507+0000] {manager.py:737} INFO - Searching for files in /opt/airflow/dags
[2026-04-24T13:22:49.513+0000] {manager.py:740} INFO - There are 0 files in /opt/airflow/dags
[2026-04-24T13:27:49.742+0000] {manager.py:737} INFO - Searching for files in /opt/airflow/dags
[2026-04-24T13:27:49.750+0000] {manager.py:740} INFO - There are 0 files in /opt/airflow/dags
[2026-04-24T13:32:50.386+0000] {manager.py:737} INFO - Searching for files in /opt/airflow/dags
[2026-04-24T13:32:50.389+0000] {manager.py:740} INFO - There are 0 files in /opt/airflow/dags
[2026-04-24T13:34:10.975+0000] {manager.py:452} INFO - Exiting gracefully upon receiving signal 15
[2026-04-24T13:43:20.611+0000] {manager.py:470} INFO - Processing files using up to 2 processes at a time 
[2026-04-24T13:43:20.613+0000] {manager.py:471} INFO - Process each file at most once every 30 seconds
[2026-04-24T13:43:20.615+0000] {manager.py:472} INFO - Checking for new files in /opt/airflow/dags every 300 seconds
[2026-04-24T13:43:20.616+0000] {manager.py:737} INFO - Searching for files in /opt/airflow/dags
[2026-04-24T13:43:20.623+0000] {manager.py:740} INFO - There are 0 files in /opt/airflow/dags
[2026-04-24T13:48:21.332+0000] {manager.py:737} INFO - Searching for files in /opt/airflow/dags
[2026-04-24T13:48:21.336+0000] {manager.py:740} INFO - There are 0 files in /opt/airflow/dags
[2026-04-24T13:53:21.671+0000] {manager.py:737} INFO - Searching for files in /opt/airflow/dags
[2026-04-24T13:53:21.685+0000] {manager.py:740} INFO - There are 0 files in /opt/airflow/dags
[2026-04-24T13:58:21.784+0000] {manager.py:737} INFO - Searching for files in /opt/airflow/dags
[2026-04-24T13:58:21.789+0000] {manager.py:740} INFO - There are 0 files in /opt/airflow/dags
[2026-04-24T14:03:22.781+0000] {manager.py:737} INFO - Searching for files in /opt/airflow/dags
[2026-04-24T14:03:22.785+0000] {manager.py:740} INFO - There are 0 files in /opt/airflow/dags
[2026-04-24T14:08:23.092+0000] {manager.py:737} INFO - Searching for files in /opt/airflow/dags
[2026-04-24T14:08:23.098+0000] {manager.py:740} INFO - There are 0 files in /opt/airflow/dags
[2026-04-24T14:13:23.100+0000] {manager.py:737} INFO - Searching for files in /opt/airflow/dags
[2026-04-24T14:13:23.138+0000] {manager.py:740} INFO - There are 0 files in /opt/airflow/dags
[2026-04-24T14:18:23.254+0000] {manager.py:737} INFO - Searching for files in /opt/airflow/dags
[2026-04-24T14:18:23.260+0000] {manager.py:740} INFO - There are 0 files in /opt/airflow/dags
[2026-04-24T14:23:23.552+0000] {manager.py:737} INFO - Searching for files in /opt/airflow/dags
[2026-04-24T14:23:23.558+0000] {manager.py:740} INFO - There are 0 files in /opt/airflow/dags
[2026-04-24T14:28:24.420+0000] {manager.py:737} INFO - Searching for files in /opt/airflow/dags
[2026-04-24T14:28:24.425+0000] {manager.py:740} INFO - There are 0 files in /opt/airflow/dags
[2026-04-24T14:33:24.661+0000] {manager.py:737} INFO - Searching for files in /opt/airflow/dags
[2026-04-24T14:33:24.665+0000] {manager.py:740} INFO - There are 0 files in /opt/airflow/dags
[2026-04-24T14:38:25.698+0000] {manager.py:737} INFO - Searching for files in /opt/airflow/dags
[2026-04-24T14:38:25.705+0000] {manager.py:740} INFO - There are 0 files in /opt/airflow/dags
[2026-04-24T14:56:17.243+0000] {manager.py:470} INFO - Processing files using up to 2 processes at a time 
[2026-04-24T14:56:17.246+0000] {manager.py:471} INFO - Process each file at most once every 30 seconds
[2026-04-24T14:56:17.247+0000] {manager.py:472} INFO - Checking for new files in /opt/airflow/dags every 300 seconds
[2026-04-24T14:56:17.252+0000] {manager.py:737} INFO - Searching for files in /opt/airflow/dags
[2026-04-24T14:56:17.259+0000] {manager.py:740} INFO - There are 0 files in /opt/airflow/dags
[2026-04-24T14:57:13.457+0000] {manager.py:452} INFO - Exiting gracefully upon receiving signal 15
[2026-04-26T13:18:29.572+0000] {manager.py:470} INFO - Processing files using up to 2 processes at a time 
[2026-04-26T13:18:29.574+0000] {manager.py:471} INFO - Process each file at most once every 30 seconds
[2026-04-26T13:18:29.576+0000] {manager.py:472} INFO - Checking for new files in /opt/airflow/dags every 300 seconds
[2026-04-26T13:18:29.578+0000] {manager.py:737} INFO - Searching for files in /opt/airflow/dags
[2026-04-26T13:18:29.594+0000] {manager.py:740} INFO - There are 0 files in /opt/airflow/dags
[2026-04-26T13:23:30.330+0000] {manager.py:737} INFO - Searching for files in /opt/airflow/dags
[2026-04-26T13:23:30.344+0000] {manager.py:740} INFO - There are 0 files in /opt/airflow/dags
[2026-04-26T13:28:30.713+0000] {manager.py:737} INFO - Searching for files in /opt/airflow/dags
[2026-04-26T13:28:30.718+0000] {manager.py:740} INFO - There are 0 files in /opt/airflow/dags
[2026-04-26T13:33:31.261+0000] {manager.py:737} INFO - Searching for files in /opt/airflow/dags
[2026-04-26T13:33:31.266+0000] {manager.py:740} INFO - There are 0 files in /opt/airflow/dags
[2026-04-26T13:38:31.923+0000] {manager.py:737} INFO - Searching for files in /opt/airflow/dags
[2026-04-26T13:38:31.929+0000] {manager.py:740} INFO - There are 0 files in /opt/airflow/dags
[2026-04-26T13:44:01.506+0000] {manager.py:737} INFO - Searching for files in /opt/airflow/dags
[2026-04-26T13:44:01.512+0000] {manager.py:740} INFO - There are 0 files in /opt/airflow/dags
[2026-04-26T13:49:02.319+0000] {manager.py:737} INFO - Searching for files in /opt/airflow/dags
[2026-04-26T13:49:02.325+0000] {manager.py:740} INFO - There are 0 files in /opt/airflow/dags
[2026-04-26T13:54:03.230+0000] {manager.py:737} INFO - Searching for files in /opt/airflow/dags
[2026-04-26T13:54:03.234+0000] {manager.py:740} INFO - There are 0 files in /opt/airflow/dags
[2026-04-26T13:59:04.061+0000] {manager.py:737} INFO - Searching for files in /opt/airflow/dags
[2026-04-26T13:59:04.065+0000] {manager.py:740} INFO - There are 0 files in /opt/airflow/dags
[2026-04-26T14:04:04.944+0000] {manager.py:737} INFO - Searching for files in /opt/airflow/dags
[2026-04-26T14:04:04.952+0000] {manager.py:740} INFO - There are 0 files in /opt/airflow/dags
[2026-04-26T14:09:05.002+0000] {manager.py:737} INFO - Searching for files in /opt/airflow/dags
[2026-04-26T14:09:05.007+0000] {manager.py:740} INFO - There are 0 files in /opt/airflow/dags
[2026-04-26T14:14:05.938+0000] {manager.py:737} INFO - Searching for files in /opt/airflow/dags
[2026-04-26T14:14:05.953+0000] {manager.py:740} INFO - There are 0 files in /opt/airflow/dags
[2026-04-26T14:19:06.682+0000] {manager.py:737} INFO - Searching for files in /opt/airflow/dags
[2026-04-26T14:19:06.686+0000] {manager.py:740} INFO - There are 0 files in /opt/airflow/dags
[2026-04-26T14:24:06.735+0000] {manager.py:737} INFO - Searching for files in /opt/airflow/dags
[2026-04-26T14:24:06.740+0000] {manager.py:740} INFO - There are 0 files in /opt/airflow/dags
[2026-04-27T01:04:15.145+0000] {manager.py:470} INFO - Processing files using up to 2 processes at a time 
[2026-04-27T01:04:15.164+0000] {manager.py:471} INFO - Process each file at most once every 30 seconds
[2026-04-27T01:04:15.172+0000] {manager.py:472} INFO - Checking for new files in /opt/airflow/dags every 300 seconds
[2026-04-27T01:04:15.176+0000] {manager.py:737} INFO - Searching for files in /opt/airflow/dags
[2026-04-27T01:04:15.189+0000] {manager.py:740} INFO - There are 0 files in /opt/airflow/dags
[2026-04-27T01:09:16.130+0000] {manager.py:737} INFO - Searching for files in /opt/airflow/dags
[2026-04-27T01:09:16.139+0000] {manager.py:740} INFO - There are 0 files in /opt/airflow/dags
[2026-04-27T01:14:16.321+0000] {manager.py:737} INFO - Searching for files in /opt/airflow/dags
[2026-04-27T01:14:16.329+0000] {manager.py:740} INFO - There are 0 files in /opt/airflow/dags
[2026-04-27T01:19:16.848+0000] {manager.py:737} INFO - Searching for files in /opt/airflow/dags
[2026-04-27T01:19:16.854+0000] {manager.py:740} INFO - There are 0 files in /opt/airflow/dags
[2026-04-27T01:24:17.019+0000] {manager.py:737} INFO - Searching for files in /opt/airflow/dags
[2026-04-27T01:24:17.035+0000] {manager.py:740} INFO - There are 0 files in /opt/airflow/dags
[2026-04-27T01:29:17.068+0000] {manager.py:737} INFO - Searching for files in /opt/airflow/dags
[2026-04-27T01:29:17.081+0000] {manager.py:740} INFO - There are 0 files in /opt/airflow/dags
[2026-04-27T01:34:17.072+0000] {manager.py:737} INFO - Searching for files in /opt/airflow/dags
[2026-04-27T01:34:17.081+0000] {manager.py:740} INFO - There are 0 files in /opt/airflow/dags
[2026-04-27T01:39:17.347+0000] {manager.py:737} INFO - Searching for files in /opt/airflow/dags
[2026-04-27T01:39:17.575+0000] {manager.py:740} INFO - There are 0 files in /opt/airflow/dags
[2026-04-27T01:44:17.781+0000] {manager.py:737} INFO - Searching for files in /opt/airflow/dags
[2026-04-27T01:44:17.802+0000] {manager.py:740} INFO - There are 0 files in /opt/airflow/dags
[2026-04-27T01:49:18.644+0000] {manager.py:737} INFO - Searching for files in /opt/airflow/dags
[2026-04-27T01:49:18.651+0000] {manager.py:740} INFO - There are 0 files in /opt/airflow/dags
[2026-04-27T01:54:18.921+0000] {manager.py:737} INFO - Searching for files in /opt/airflow/dags
[2026-04-27T01:54:18.951+0000] {manager.py:740} INFO - There are 0 files in /opt/airflow/dags
[2026-04-27T01:59:19.670+0000] {manager.py:737} INFO - Searching for files in /opt/airflow/dags
[2026-04-27T01:59:19.686+0000] {manager.py:740} INFO - There are 0 files in /opt/airflow/dags
[2026-04-27T02:04:20.375+0000] {manager.py:737} INFO - Searching for files in /opt/airflow/dags
[2026-04-27T02:04:20.396+0000] {manager.py:740} INFO - There are 0 files in /opt/airflow/dags
[2026-04-27T02:09:20.584+0000] {manager.py:737} INFO - Searching for files in /opt/airflow/dags
[2026-04-27T02:09:20.599+0000] {manager.py:740} INFO - There are 0 files in /opt/airflow/dags
[2026-04-27T02:14:21.378+0000] {manager.py:737} INFO - Searching for files in /opt/airflow/dags
[2026-04-27T02:14:21.385+0000] {manager.py:740} INFO - There are 0 files in /opt/airflow/dags
[2026-04-27T02:16:28.149+0000] {manager.py:470} INFO - Processing files using up to 2 processes at a time 
[2026-04-27T02:16:28.155+0000] {manager.py:471} INFO - Process each file at most once every 30 seconds
[2026-04-27T02:16:28.157+0000] {manager.py:472} INFO - Checking for new files in /opt/airflow/dags every 300 seconds
[2026-04-27T02:16:28.158+0000] {manager.py:737} INFO - Searching for files in /opt/airflow/dags
[2026-04-27T02:16:28.166+0000] {manager.py:740} INFO - There are 0 files in /opt/airflow/dags
[2026-04-27T02:19:01.592+0000] {manager.py:470} INFO - Processing files using up to 2 processes at a time 
[2026-04-27T02:19:01.598+0000] {manager.py:471} INFO - Process each file at most once every 30 seconds
[2026-04-27T02:19:01.601+0000] {manager.py:472} INFO - Checking for new files in /opt/airflow/dags every 300 seconds
[2026-04-27T02:19:01.606+0000] {manager.py:737} INFO - Searching for files in /opt/airflow/dags
[2026-04-27T02:19:01.626+0000] {manager.py:740} INFO - There are 0 files in /opt/airflow/dags
[2026-04-27T02:20:46.739+0000] {manager.py:470} INFO - Processing files using up to 2 processes at a time 
[2026-04-27T02:20:46.743+0000] {manager.py:471} INFO - Process each file at most once every 30 seconds
[2026-04-27T02:20:46.745+0000] {manager.py:472} INFO - Checking for new files in /opt/airflow/dags every 300 seconds
[2026-04-27T02:20:46.747+0000] {manager.py:737} INFO - Searching for files in /opt/airflow/dags
[2026-04-27T02:20:46.753+0000] {manager.py:740} INFO - There are 0 files in /opt/airflow/dags
[2026-04-27T02:25:47.059+0000] {manager.py:737} INFO - Searching for files in /opt/airflow/dags
[2026-04-27T02:25:47.064+0000] {manager.py:740} INFO - There are 0 files in /opt/airflow/dags
[2026-04-27T02:30:47.988+0000] {manager.py:737} INFO - Searching for files in /opt/airflow/dags
[2026-04-27T02:30:48.241+0000] {manager.py:740} INFO - There are 0 files in /opt/airflow/dags
[2026-04-27T02:35:48.116+0000] {manager.py:737} INFO - Searching for files in /opt/airflow/dags
[2026-04-27T02:35:48.123+0000] {manager.py:740} INFO - There are 0 files in /opt/airflow/dags
[2026-04-27T02:40:48.885+0000] {manager.py:737} INFO - Searching for files in /opt/airflow/dags
[2026-04-27T02:40:48.898+0000] {manager.py:740} INFO - There are 0 files in /opt/airflow/dags
[2026-04-27T13:14:44.981+0000] {manager.py:470} INFO - Processing files using up to 2 processes at a time 
[2026-04-27T13:14:44.988+0000] {manager.py:471} INFO - Process each file at most once every 30 seconds
[2026-04-27T13:14:44.989+0000] {manager.py:472} INFO - Checking for new files in /opt/airflow/dags every 300 seconds
[2026-04-27T13:14:44.991+0000] {manager.py:737} INFO - Searching for files in /opt/airflow/dags
[2026-04-27T13:14:45.005+0000] {manager.py:740} INFO - There are 0 files in /opt/airflow/dags
[2026-04-27T13:19:45.344+0000] {manager.py:737} INFO - Searching for files in /opt/airflow/dags
[2026-04-27T13:19:45.349+0000] {manager.py:740} INFO - There are 0 files in /opt/airflow/dags
[2026-04-27T13:24:45.575+0000] {manager.py:737} INFO - Searching for files in /opt/airflow/dags
[2026-04-27T13:24:45.691+0000] {manager.py:740} INFO - There are 0 files in /opt/airflow/dags
[2026-04-27T13:29:45.637+0000] {manager.py:737} INFO - Searching for files in /opt/airflow/dags
[2026-04-27T13:29:45.646+0000] {manager.py:740} INFO - There are 0 files in /opt/airflow/dags
[2026-04-27T13:34:46.500+0000] {manager.py:737} INFO - Searching for files in /opt/airflow/dags
[2026-04-27T13:34:46.506+0000] {manager.py:740} INFO - There are 0 files in /opt/airflow/dags
[2026-04-27T13:39:46.741+0000] {manager.py:737} INFO - Searching for files in /opt/airflow/dags
[2026-04-27T13:39:46.756+0000] {manager.py:740} INFO - There are 0 files in /opt/airflow/dags
[2026-04-27T13:44:47.004+0000] {manager.py:737} INFO - Searching for files in /opt/airflow/dags
[2026-04-27T13:44:47.014+0000] {manager.py:740} INFO - There are 0 files in /opt/airflow/dags
[2026-04-27T13:47:02.868+0000] {manager.py:470} INFO - Processing files using up to 2 processes at a time 
[2026-04-27T13:47:02.870+0000] {manager.py:471} INFO - Process each file at most once every 30 seconds
[2026-04-27T13:47:02.873+0000] {manager.py:472} INFO - Checking for new files in /opt/airflow/dags every 300 seconds
[2026-04-27T13:47:02.874+0000] {manager.py:737} INFO - Searching for files in /opt/airflow/dags
[2026-04-27T13:47:02.892+0000] {manager.py:740} INFO - There are 0 files in /opt/airflow/dags
[2026-04-27T13:52:03.266+0000] {manager.py:737} INFO - Searching for files in /opt/airflow/dags
[2026-04-27T13:52:03.272+0000] {manager.py:740} INFO - There are 0 files in /opt/airflow/dags
[2026-04-27T13:57:03.789+0000] {manager.py:737} INFO - Searching for files in /opt/airflow/dags
[2026-04-27T13:57:03.797+0000] {manager.py:740} INFO - There are 0 files in /opt/airflow/dags
[2026-04-27T14:02:04.178+0000] {manager.py:737} INFO - Searching for files in /opt/airflow/dags
[2026-04-27T14:02:04.183+0000] {manager.py:740} INFO - There are 0 files in /opt/airflow/dags
[2026-04-27T14:07:05.102+0000] {manager.py:737} INFO - Searching for files in /opt/airflow/dags
[2026-04-27T14:07:05.111+0000] {manager.py:740} INFO - There are 0 files in /opt/airflow/dags
[2026-04-27T14:53:47.793+0000] {manager.py:737} INFO - Searching for files in /opt/airflow/dags
[2026-04-27T14:53:48.371+0000] {manager.py:740} INFO - There are 0 files in /opt/airflow/dags
[2026-04-27T14:58:48.647+0000] {manager.py:737} INFO - Searching for files in /opt/airflow/dags
[2026-04-27T14:58:48.652+0000] {manager.py:740} INFO - There are 0 files in /opt/airflow/dags
[2026-04-27T18:38:21.297+0000] {manager.py:737} INFO - Searching for files in /opt/airflow/dags
[2026-04-27T18:38:22.931+0000] {manager.py:740} INFO - There are 0 files in /opt/airflow/dags
[2026-04-27T18:43:21.632+0000] {manager.py:737} INFO - Searching for files in /opt/airflow/dags
[2026-04-27T18:43:21.640+0000] {manager.py:740} INFO - There are 0 files in /opt/airflow/dags
[2026-04-27T22:04:52.526+0000] {manager.py:737} INFO - Searching for files in /opt/airflow/dags
[2026-04-27T22:04:53.095+0000] {manager.py:740} INFO - There are 0 files in /opt/airflow/dags
[2026-04-27T22:09:52.789+0000] {manager.py:737} INFO - Searching for files in /opt/airflow/dags
[2026-04-27T22:09:52.798+0000] {manager.py:740} INFO - There are 0 files in /opt/airflow/dags
[2026-04-27T22:14:52.794+0000] {manager.py:737} INFO - Searching for files in /opt/airflow/dags
[2026-04-27T22:14:52.798+0000] {manager.py:740} INFO - There are 0 files in /opt/airflow/dags
[2026-04-27T22:19:53.178+0000] {manager.py:737} INFO - Searching for files in /opt/airflow/dags
[2026-04-27T22:19:53.183+0000] {manager.py:740} INFO - There are 0 files in /opt/airflow/dags
[2026-04-27T22:24:54.010+0000] {manager.py:737} INFO - Searching for files in /opt/airflow/dags
[2026-04-27T22:24:54.015+0000] {manager.py:740} INFO - There are 0 files in /opt/airflow/dags
[2026-04-27T22:29:54.263+0000] {manager.py:737} INFO - Searching for files in /opt/airflow/dags
[2026-04-27T22:29:54.268+0000] {manager.py:740} INFO - There are 0 files in /opt/airflow/dags
[2026-04-27T22:36:49.994+0000] {manager.py:737} INFO - Searching for files in /opt/airflow/dags
[2026-04-27T22:36:49.997+0000] {manager.py:740} INFO - There are 0 files in /opt/airflow/dags
[2026-04-27T22:37:06.598+0000] {manager.py:452} INFO - Exiting gracefully upon receiving signal 15
[2026-04-28T00:18:56.396+0000] {manager.py:470} INFO - Processing files using up to 2 processes at a time 
[2026-04-28T00:18:56.397+0000] {manager.py:471} INFO - Process each file at most once every 30 seconds
[2026-04-28T00:18:56.399+0000] {manager.py:472} INFO - Checking for new files in /opt/airflow/dags every 300 seconds
[2026-04-28T00:18:56.401+0000] {manager.py:737} INFO - Searching for files in /opt/airflow/dags
[2026-04-28T00:18:56.412+0000] {manager.py:740} INFO - There are 0 files in /opt/airflow/dags
[2026-04-28T00:19:22.939+0000] {manager.py:452} INFO - Exiting gracefully upon receiving signal 15
[2026-04-28T00:21:06.055+0000] {manager.py:470} INFO - Processing files using up to 2 processes at a time 
[2026-04-28T00:21:06.063+0000] {manager.py:471} INFO - Process each file at most once every 30 seconds
[2026-04-28T00:21:06.068+0000] {manager.py:472} INFO - Checking for new files in /opt/airflow/dags every 300 seconds
[2026-04-28T00:21:06.071+0000] {manager.py:737} INFO - Searching for files in /opt/airflow/dags
[2026-04-28T00:21:06.090+0000] {manager.py:740} INFO - There are 0 files in /opt/airflow/dags
[2026-04-28T00:26:06.391+0000] {manager.py:737} INFO - Searching for files in /opt/airflow/dags
[2026-04-28T00:26:06.396+0000] {manager.py:740} INFO - There are 0 files in /opt/airflow/dags
[2026-04-28T00:31:06.784+0000] {manager.py:737} INFO - Searching for files in /opt/airflow/dags
[2026-04-28T00:31:06.787+0000] {manager.py:740} INFO - There are 0 files in /opt/airflow/dags
[2026-04-28T00:36:07.389+0000] {manager.py:737} INFO - Searching for files in /opt/airflow/dags
[2026-04-28T00:36:07.397+0000] {manager.py:740} INFO - There are 0 files in /opt/airflow/dags
[2026-04-28T00:41:07.455+0000] {manager.py:737} INFO - Searching for files in /opt/airflow/dags
[2026-04-28T00:41:07.464+0000] {manager.py:740} INFO - There are 0 files in /opt/airflow/dags
[2026-04-28T00:46:08.156+0000] {manager.py:737} INFO - Searching for files in /opt/airflow/dags
[2026-04-28T00:46:08.164+0000] {manager.py:740} INFO - There are 0 files in /opt/airflow/dags
[2026-04-28T00:51:08.882+0000] {manager.py:737} INFO - Searching for files in /opt/airflow/dags
[2026-04-28T00:51:08.889+0000] {manager.py:740} INFO - There are 0 files in /opt/airflow/dags
[2026-04-28T00:56:09.844+0000] {manager.py:737} INFO - Searching for files in /opt/airflow/dags
[2026-04-28T00:56:09.849+0000] {manager.py:740} INFO - There are 0 files in /opt/airflow/dags
[2026-04-28T01:01:10.765+0000] {manager.py:737} INFO - Searching for files in /opt/airflow/dags
[2026-04-28T01:01:10.772+0000] {manager.py:740} INFO - There are 0 files in /opt/airflow/dags
[2026-04-28T01:06:10.990+0000] {manager.py:737} INFO - Searching for files in /opt/airflow/dags
[2026-04-28T01:06:11.019+0000] {manager.py:740} INFO - There are 0 files in /opt/airflow/dags
[2026-04-28T01:11:11.358+0000] {manager.py:737} INFO - Searching for files in /opt/airflow/dags
[2026-04-28T01:11:11.369+0000] {manager.py:740} INFO - There are 0 files in /opt/airflow/dags
[2026-04-28T01:16:11.418+0000] {manager.py:737} INFO - Searching for files in /opt/airflow/dags
[2026-04-28T01:16:11.429+0000] {manager.py:740} INFO - There are 0 files in /opt/airflow/dags
[2026-04-28T01:21:12.212+0000] {manager.py:737} INFO - Searching for files in /opt/airflow/dags
[2026-04-28T01:21:12.217+0000] {manager.py:740} INFO - There are 0 files in /opt/airflow/dags
[2026-04-28T01:26:12.969+0000] {manager.py:737} INFO - Searching for files in /opt/airflow/dags
[2026-04-28T01:26:12.978+0000] {manager.py:740} INFO - There are 0 files in /opt/airflow/dags
[2026-04-28T01:31:13.828+0000] {manager.py:737} INFO - Searching for files in /opt/airflow/dags
[2026-04-28T01:31:13.834+0000] {manager.py:740} INFO - There are 0 files in /opt/airflow/dags
[2026-04-28T01:36:14.808+0000] {manager.py:737} INFO - Searching for files in /opt/airflow/dags
[2026-04-28T01:36:14.814+0000] {manager.py:740} INFO - There are 0 files in /opt/airflow/dags
[2026-04-28T01:41:15.616+0000] {manager.py:737} INFO - Searching for files in /opt/airflow/dags
[2026-04-28T01:41:15.626+0000] {manager.py:740} INFO - There are 0 files in /opt/airflow/dags
[2026-04-28T01:46:15.775+0000] {manager.py:737} INFO - Searching for files in /opt/airflow/dags
[2026-04-28T01:46:15.823+0000] {manager.py:740} INFO - There are 0 files in /opt/airflow/dags
[2026-04-28T01:51:16.684+0000] {manager.py:737} INFO - Searching for files in /opt/airflow/dags
[2026-04-28T01:51:16.693+0000] {manager.py:740} INFO - There are 0 files in /opt/airflow/dags
[2026-04-28T01:56:17.316+0000] {manager.py:737} INFO - Searching for files in /opt/airflow/dags
[2026-04-28T01:56:17.324+0000] {manager.py:740} INFO - There are 0 files in /opt/airflow/dags
[2026-04-28T02:01:18.184+0000] {manager.py:737} INFO - Searching for files in /opt/airflow/dags
[2026-04-28T02:01:18.192+0000] {manager.py:740} INFO - There are 0 files in /opt/airflow/dags
[2026-04-28T02:06:19.076+0000] {manager.py:737} INFO - Searching for files in /opt/airflow/dags
[2026-04-28T02:06:19.085+0000] {manager.py:740} INFO - There are 0 files in /opt/airflow/dags
[2026-04-28T02:11:19.159+0000] {manager.py:737} INFO - Searching for files in /opt/airflow/dags
[2026-04-28T02:11:19.165+0000] {manager.py:740} INFO - There are 0 files in /opt/airflow/dags
[2026-04-28T02:16:19.922+0000] {manager.py:737} INFO - Searching for files in /opt/airflow/dags
[2026-04-28T02:16:19.926+0000] {manager.py:740} INFO - There are 0 files in /opt/airflow/dags
[2026-04-28T02:21:20.806+0000] {manager.py:737} INFO - Searching for files in /opt/airflow/dags
[2026-04-28T02:21:20.810+0000] {manager.py:740} INFO - There are 0 files in /opt/airflow/dags
[2026-04-28T02:26:21.182+0000] {manager.py:737} INFO - Searching for files in /opt/airflow/dags
[2026-04-28T02:26:21.189+0000] {manager.py:740} INFO - There are 0 files in /opt/airflow/dags
[2026-04-28T02:31:21.340+0000] {manager.py:737} INFO - Searching for files in /opt/airflow/dags
[2026-04-28T02:31:21.349+0000] {manager.py:740} INFO - There are 0 files in /opt/airflow/dags
[2026-04-28T02:36:22.107+0000] {manager.py:737} INFO - Searching for files in /opt/airflow/dags
[2026-04-28T02:36:22.111+0000] {manager.py:740} INFO - There are 0 files in /opt/airflow/dags
[2026-04-28T02:42:12.814+0000] {manager.py:737} INFO - Searching for files in /opt/airflow/dags
[2026-04-28T02:42:12.817+0000] {manager.py:740} INFO - There are 0 files in /opt/airflow/dags
[2026-04-28T02:47:13.449+0000] {manager.py:737} INFO - Searching for files in /opt/airflow/dags
[2026-04-28T02:47:13.455+0000] {manager.py:740} INFO - There are 0 files in /opt/airflow/dags
[2026-04-28T02:52:13.763+0000] {manager.py:737} INFO - Searching for files in /opt/airflow/dags
[2026-04-28T02:52:13.773+0000] {manager.py:740} INFO - There are 0 files in /opt/airflow/dags
[2026-04-28T02:57:14.119+0000] {manager.py:737} INFO - Searching for files in /opt/airflow/dags
[2026-04-28T02:57:14.128+0000] {manager.py:740} INFO - There are 0 files in /opt/airflow/dags
[2026-04-28T03:18:56.170+0000] {manager.py:737} INFO - Searching for files in /opt/airflow/dags
[2026-04-28T03:18:58.244+0000] {manager.py:740} INFO - There are 0 files in /opt/airflow/dags
[2026-04-28T03:23:56.345+0000] {manager.py:737} INFO - Searching for files in /opt/airflow/dags
[2026-04-28T03:23:56.351+0000] {manager.py:740} INFO - There are 0 files in /opt/airflow/dags
[2026-04-28T03:28:56.960+0000] {manager.py:737} INFO - Searching for files in /opt/airflow/dags
[2026-04-28T03:28:56.965+0000] {manager.py:740} INFO - There are 0 files in /opt/airflow/dags
[2026-04-28T03:33:57.736+0000] {manager.py:737} INFO - Searching for files in /opt/airflow/dags
[2026-04-28T03:33:57.741+0000] {manager.py:740} INFO - There are 0 files in /opt/airflow/dags
[2026-04-28T03:38:58.278+0000] {manager.py:737} INFO - Searching for files in /opt/airflow/dags
[2026-04-28T03:38:58.283+0000] {manager.py:740} INFO - There are 0 files in /opt/airflow/dags
[2026-04-28T03:43:58.712+0000] {manager.py:737} INFO - Searching for files in /opt/airflow/dags
[2026-04-28T03:43:58.720+0000] {manager.py:740} INFO - There are 0 files in /opt/airflow/dags
[2026-04-28T03:48:59.295+0000] {manager.py:737} INFO - Searching for files in /opt/airflow/dags
[2026-04-28T03:48:59.299+0000] {manager.py:740} INFO - There are 0 files in /opt/airflow/dags
[2026-04-28T03:53:59.901+0000] {manager.py:737} INFO - Searching for files in /opt/airflow/dags
[2026-04-28T03:53:59.905+0000] {manager.py:740} INFO - There are 0 files in /opt/airflow/dags
[2026-04-28T03:59:00.499+0000] {manager.py:737} INFO - Searching for files in /opt/airflow/dags
[2026-04-28T03:59:00.502+0000] {manager.py:740} INFO - There are 0 files in /opt/airflow/dags
[2026-04-28T04:04:01.131+0000] {manager.py:737} INFO - Searching for files in /opt/airflow/dags
[2026-04-28T04:04:01.136+0000] {manager.py:740} INFO - There are 0 files in /opt/airflow/dags
[2026-04-28T04:09:01.632+0000] {manager.py:737} INFO - Searching for files in /opt/airflow/dags
[2026-04-28T04:09:01.637+0000] {manager.py:740} INFO - There are 0 files in /opt/airflow/dags
[2026-04-28T04:14:02.033+0000] {manager.py:737} INFO - Searching for files in /opt/airflow/dags
[2026-04-28T04:14:02.039+0000] {manager.py:740} INFO - There are 0 files in /opt/airflow/dags
[2026-04-28T04:19:02.437+0000] {manager.py:737} INFO - Searching for files in /opt/airflow/dags
[2026-04-28T04:19:02.443+0000] {manager.py:740} INFO - There are 0 files in /opt/airflow/dags
[2026-04-28T04:24:03.361+0000] {manager.py:737} INFO - Searching for files in /opt/airflow/dags
[2026-04-28T04:24:03.378+0000] {manager.py:740} INFO - There are 0 files in /opt/airflow/dags
[2026-04-28T04:29:03.506+0000] {manager.py:737} INFO - Searching for files in /opt/airflow/dags
[2026-04-28T04:29:03.512+0000] {manager.py:740} INFO - There are 0 files in /opt/airflow/dags
[2026-04-28T04:34:03.751+0000] {manager.py:737} INFO - Searching for files in /opt/airflow/dags
[2026-04-28T04:34:03.757+0000] {manager.py:740} INFO - There are 0 files in /opt/airflow/dags
[2026-04-28T04:39:04.444+0000] {manager.py:737} INFO - Searching for files in /opt/airflow/dags
[2026-04-28T04:39:04.458+0000] {manager.py:740} INFO - There are 0 files in /opt/airflow/dags
[2026-04-28T04:44:05.317+0000] {manager.py:737} INFO - Searching for files in /opt/airflow/dags
[2026-04-28T04:44:05.324+0000] {manager.py:740} INFO - There are 0 files in /opt/airflow/dags
[2026-04-28T04:49:06.012+0000] {manager.py:737} INFO - Searching for files in /opt/airflow/dags
[2026-04-28T04:49:06.042+0000] {manager.py:740} INFO - There are 0 files in /opt/airflow/dags
[2026-04-28T04:54:06.467+0000] {manager.py:737} INFO - Searching for files in /opt/airflow/dags
[2026-04-28T04:54:06.473+0000] {manager.py:740} INFO - There are 0 files in /opt/airflow/dags
[2026-04-28T04:59:07.177+0000] {manager.py:737} INFO - Searching for files in /opt/airflow/dags
[2026-04-28T04:59:07.182+0000] {manager.py:740} INFO - There are 0 files in /opt/airflow/dags
[2026-04-28T05:04:07.862+0000] {manager.py:737} INFO - Searching for files in /opt/airflow/dags
[2026-04-28T05:04:07.870+0000] {manager.py:740} INFO - There are 0 files in /opt/airflow/dags
[2026-04-28T05:09:08.746+0000] {manager.py:737} INFO - Searching for files in /opt/airflow/dags
[2026-04-28T05:09:08.750+0000] {manager.py:740} INFO - There are 0 files in /opt/airflow/dags
[2026-04-28T05:14:08.892+0000] {manager.py:737} INFO - Searching for files in /opt/airflow/dags
[2026-04-28T05:14:08.904+0000] {manager.py:740} INFO - There are 0 files in /opt/airflow/dags
[2026-04-28T05:19:09.149+0000] {manager.py:737} INFO - Searching for files in /opt/airflow/dags
[2026-04-28T05:19:09.152+0000] {manager.py:740} INFO - There are 0 files in /opt/airflow/dags
[2026-04-28T05:24:09.293+0000] {manager.py:737} INFO - Searching for files in /opt/airflow/dags
[2026-04-28T05:24:09.296+0000] {manager.py:740} INFO - There are 0 files in /opt/airflow/dags
[2026-04-28T05:29:09.307+0000] {manager.py:737} INFO - Searching for files in /opt/airflow/dags
[2026-04-28T05:29:09.315+0000] {manager.py:740} INFO - There are 0 files in /opt/airflow/dags
[2026-04-28T05:33:09.210+0000] {manager.py:470} INFO - Processing files using up to 2 processes at a time 
[2026-04-28T05:33:09.213+0000] {manager.py:471} INFO - Process each file at most once every 30 seconds
[2026-04-28T05:33:09.216+0000] {manager.py:472} INFO - Checking for new files in /opt/airflow/dags every 300 seconds
[2026-04-28T05:33:09.218+0000] {manager.py:737} INFO - Searching for files in /opt/airflow/dags
[2026-04-28T05:33:09.227+0000] {manager.py:740} INFO - There are 0 files in /opt/airflow/dags
[2026-04-28T05:38:09.828+0000] {manager.py:737} INFO - Searching for files in /opt/airflow/dags
[2026-04-28T05:38:09.835+0000] {manager.py:740} INFO - There are 0 files in /opt/airflow/dags
[2026-04-28T05:43:10.547+0000] {manager.py:737} INFO - Searching for files in /opt/airflow/dags
[2026-04-28T05:43:10.552+0000] {manager.py:740} INFO - There are 0 files in /opt/airflow/dags
[2026-04-28T05:48:10.980+0000] {manager.py:737} INFO - Searching for files in /opt/airflow/dags
[2026-04-28T05:48:10.991+0000] {manager.py:740} INFO - There are 0 files in /opt/airflow/dags
[2026-04-28T05:53:11.201+0000] {manager.py:737} INFO - Searching for files in /opt/airflow/dags
[2026-04-28T05:53:11.214+0000] {manager.py:740} INFO - There are 0 files in /opt/airflow/dags
[2026-04-28T05:55:42.193+0000] {manager.py:452} INFO - Exiting gracefully upon receiving signal 15
[2026-04-28T06:02:07.001+0000] {manager.py:470} INFO - Processing files using up to 2 processes at a time 
[2026-04-28T06:02:07.005+0000] {manager.py:471} INFO - Process each file at most once every 30 seconds
[2026-04-28T06:02:07.006+0000] {manager.py:472} INFO - Checking for new files in /opt/airflow/dags every 300 seconds
[2026-04-28T06:02:07.008+0000] {manager.py:737} INFO - Searching for files in /opt/airflow/dags
[2026-04-28T06:02:07.017+0000] {manager.py:740} INFO - There are 0 files in /opt/airflow/dags
[2026-04-28T06:07:08.063+0000] {manager.py:737} INFO - Searching for files in /opt/airflow/dags
[2026-04-28T06:07:08.074+0000] {manager.py:740} INFO - There are 0 files in /opt/airflow/dags
[2026-04-28T06:12:09.050+0000] {manager.py:737} INFO - Searching for files in /opt/airflow/dags
[2026-04-28T06:12:09.055+0000] {manager.py:740} INFO - There are 0 files in /opt/airflow/dags
[2026-04-29T01:21:35.966+0000] {manager.py:470} INFO - Processing files using up to 2 processes at a time 
[2026-04-29T01:21:35.970+0000] {manager.py:471} INFO - Process each file at most once every 30 seconds
[2026-04-29T01:21:35.975+0000] {manager.py:472} INFO - Checking for new files in /opt/airflow/dags every 300 seconds
[2026-04-29T01:21:35.981+0000] {manager.py:737} INFO - Searching for files in /opt/airflow/dags
[2026-04-29T01:21:36.085+0000] {manager.py:740} INFO - There are 0 files in /opt/airflow/dags
[2026-04-29T01:27:42.812+0000] {manager.py:470} INFO - Processing files using up to 2 processes at a time 
[2026-04-29T01:27:42.817+0000] {manager.py:471} INFO - Process each file at most once every 30 seconds
[2026-04-29T01:27:42.828+0000] {manager.py:472} INFO - Checking for new files in /opt/airflow/dags every 300 seconds
[2026-04-29T01:27:42.835+0000] {manager.py:737} INFO - Searching for files in /opt/airflow/dags
[2026-04-29T01:27:42.849+0000] {manager.py:740} INFO - There are 0 files in /opt/airflow/dags
[2026-04-29T01:32:43.348+0000] {manager.py:737} INFO - Searching for files in /opt/airflow/dags
[2026-04-29T01:32:43.414+0000] {manager.py:740} INFO - There are 0 files in /opt/airflow/dags
[2026-04-29T02:13:47.364+0000] {manager.py:470} INFO - Processing files using up to 2 processes at a time 
[2026-04-29T02:13:47.368+0000] {manager.py:471} INFO - Process each file at most once every 30 seconds
[2026-04-29T02:13:47.370+0000] {manager.py:472} INFO - Checking for new files in /opt/airflow/dags every 300 seconds
[2026-04-29T02:13:47.372+0000] {manager.py:737} INFO - Searching for files in /opt/airflow/dags
[2026-04-29T02:13:47.388+0000] {manager.py:740} INFO - There are 0 files in /opt/airflow/dags
[2026-04-29T02:18:47.889+0000] {manager.py:737} INFO - Searching for files in /opt/airflow/dags
[2026-04-29T02:18:47.924+0000] {manager.py:740} INFO - There are 1 files in /opt/airflow/dags
[2026-04-29T02:18:59.916+0000] {manager.py:878} INFO - 
================================================================================
DAG File Processing Stats

File Path                                  PID    Runtime      # DAGs    # Errors  Last Runtime    Last Run
-----------------------------------------  -----  ---------  --------  ----------  --------------  -------------------
/opt/airflow/dags/01_dag_exchange_rate.py                           1           0  2.73s           2026-04-29T02:18:50
================================================================================
[2026-04-29T02:19:28.627+0000] {manager.py:878} INFO - 
================================================================================
DAG File Processing Stats

File Path                                  PID    Runtime      # DAGs    # Errors  Last Runtime    Last Run
-----------------------------------------  -----  ---------  --------  ----------  --------------  -------------------
/opt/airflow/dags/01_dag_exchange_rate.py                           1           0  0.71s           2026-04-29T02:19:22
================================================================================
[2026-04-29T02:19:57.236+0000] {manager.py:878} INFO - 
================================================================================
DAG File Processing Stats

File Path                                  PID    Runtime      # DAGs    # Errors  Last Runtime    Last Run
-----------------------------------------  -----  ---------  --------  ----------  --------------  -------------------
/opt/airflow/dags/01_dag_exchange_rate.py                           1           0  1.09s           2026-04-29T02:19:53
================================================================================
[2026-04-29T02:20:25.730+0000] {manager.py:878} INFO - 
================================================================================
DAG File Processing Stats

File Path                                  PID    Runtime      # DAGs    # Errors  Last Runtime    Last Run
-----------------------------------------  -----  ---------  --------  ----------  --------------  -------------------
/opt/airflow/dags/01_dag_exchange_rate.py                           1           0  0.64s           2026-04-29T02:20:24
================================================================================
[2026-04-29T02:20:54.101+0000] {manager.py:878} INFO - 
================================================================================
DAG File Processing Stats

File Path                                  PID    Runtime      # DAGs    # Errors  Last Runtime    Last Run
-----------------------------------------  -----  ---------  --------  ----------  --------------  -------------------
/opt/airflow/dags/01_dag_exchange_rate.py                           1           0  0.64s           2026-04-29T02:20:24
================================================================================
[2026-04-29T02:21:22.521+0000] {manager.py:878} INFO - 
================================================================================
DAG File Processing Stats

File Path                                  PID    Runtime      # DAGs    # Errors  Last Runtime    Last Run
-----------------------------------------  -----  ---------  --------  ----------  --------------  -------------------
/opt/airflow/dags/01_dag_exchange_rate.py                           1           0  0.35s           2026-04-29T02:20:55
================================================================================
[2026-04-29T02:21:50.955+0000] {manager.py:878} INFO - 
================================================================================
DAG File Processing Stats

File Path                                  PID    Runtime      # DAGs    # Errors  Last Runtime    Last Run
-----------------------------------------  -----  ---------  --------  ----------  --------------  -------------------
/opt/airflow/dags/01_dag_exchange_rate.py                           1           0  0.90s           2026-04-29T02:21:26
================================================================================
[2026-04-29T02:22:19.521+0000] {manager.py:878} INFO - 
================================================================================
DAG File Processing Stats

File Path                                  PID    Runtime      # DAGs    # Errors  Last Runtime    Last Run
-----------------------------------------  -----  ---------  --------  ----------  --------------  -------------------
/opt/airflow/dags/01_dag_exchange_rate.py                           1           0  0.85s           2026-04-29T02:22:12
================================================================================
[2026-04-29T02:22:47.697+0000] {manager.py:878} INFO - 
================================================================================
DAG File Processing Stats

File Path                                    PID  Runtime      # DAGs    # Errors  Last Runtime    Last Run
-----------------------------------------  -----  ---------  --------  ----------  --------------  -------------------
/opt/airflow/dags/01_dag_exchange_rate.py    228  4.56s             1           0  0.85s           2026-04-29T02:22:12
================================================================================
[2026-04-29T02:23:16.292+0000] {manager.py:878} INFO - 
================================================================================
DAG File Processing Stats

File Path                                  PID    Runtime      # DAGs    # Errors  Last Runtime    Last Run
-----------------------------------------  -----  ---------  --------  ----------  --------------  -------------------
/opt/airflow/dags/01_dag_exchange_rate.py                           1           0  4.84s           2026-04-29T02:22:47
================================================================================
[2026-04-29T02:23:44.724+0000] {manager.py:878} INFO - 
================================================================================
DAG File Processing Stats

File Path                                  PID    Runtime      # DAGs    # Errors  Last Runtime    Last Run
-----------------------------------------  -----  ---------  --------  ----------  --------------  -------------------
/opt/airflow/dags/01_dag_exchange_rate.py                           1           0  1.07s           2026-04-29T02:23:19
================================================================================
[2026-04-29T02:23:48.748+0000] {manager.py:737} INFO - Searching for files in /opt/airflow/dags
[2026-04-29T02:23:48.798+0000] {manager.py:740} INFO - There are 1 files in /opt/airflow/dags
[2026-04-29T02:24:12.387+0000] {manager.py:878} INFO - 
================================================================================
DAG File Processing Stats

File Path                                  PID    Runtime      # DAGs    # Errors  Last Runtime    Last Run
-----------------------------------------  -----  ---------  --------  ----------  --------------  -------------------
/opt/airflow/dags/01_dag_exchange_rate.py                           1           0  0.42s           2026-04-29T02:23:50
================================================================================
[2026-04-29T02:24:41.508+0000] {manager.py:878} INFO - 
================================================================================
DAG File Processing Stats

File Path                                  PID    Runtime      # DAGs    # Errors  Last Runtime    Last Run
-----------------------------------------  -----  ---------  --------  ----------  --------------  -------------------
/opt/airflow/dags/01_dag_exchange_rate.py                           1           0  1.26s           2026-04-29T02:24:37
================================================================================
[2026-04-29T02:25:09.053+0000] {manager.py:878} INFO - 
================================================================================
DAG File Processing Stats

File Path                                  PID    Runtime      # DAGs    # Errors  Last Runtime    Last Run
-----------------------------------------  -----  ---------  --------  ----------  --------------  -------------------
/opt/airflow/dags/01_dag_exchange_rate.py                           1           0  0.81s           2026-04-29T02:25:09
================================================================================
[2026-04-29T02:25:37.576+0000] {manager.py:878} INFO - 
================================================================================
DAG File Processing Stats

File Path                                  PID    Runtime      # DAGs    # Errors  Last Runtime    Last Run
-----------------------------------------  -----  ---------  --------  ----------  --------------  -------------------
/opt/airflow/dags/01_dag_exchange_rate.py                           1           0  0.81s           2026-04-29T02:25:09
================================================================================
[2026-04-29T02:26:07.387+0000] {manager.py:878} INFO - 
================================================================================
DAG File Processing Stats

File Path                                  PID    Runtime      # DAGs    # Errors  Last Runtime    Last Run
-----------------------------------------  -----  ---------  --------  ----------  --------------  -------------------
/opt/airflow/dags/01_dag_exchange_rate.py                           1           0  0.39s           2026-04-29T02:25:39
================================================================================
[2026-04-29T02:26:35.859+0000] {manager.py:878} INFO - 
================================================================================
DAG File Processing Stats

File Path                                  PID    Runtime      # DAGs    # Errors  Last Runtime    Last Run
-----------------------------------------  -----  ---------  --------  ----------  --------------  -------------------
/opt/airflow/dags/01_dag_exchange_rate.py                           1           0  0.33s           2026-04-29T02:26:10
================================================================================
[2026-04-29T02:27:04.278+0000] {manager.py:878} INFO - 
================================================================================
DAG File Processing Stats

File Path                                  PID    Runtime      # DAGs    # Errors  Last Runtime    Last Run
-----------------------------------------  -----  ---------  --------  ----------  --------------  -------------------
/opt/airflow/dags/01_dag_exchange_rate.py                           1           0  0.26s           2026-04-29T02:26:41
================================================================================
[2026-04-29T02:27:33.011+0000] {manager.py:878} INFO - 
================================================================================
DAG File Processing Stats

File Path                                  PID    Runtime      # DAGs    # Errors  Last Runtime    Last Run
-----------------------------------------  -----  ---------  --------  ----------  --------------  -------------------
/opt/airflow/dags/01_dag_exchange_rate.py                           1           0  0.35s           2026-04-29T02:27:11
================================================================================
[2026-04-29T02:28:01.465+0000] {manager.py:878} INFO - 
================================================================================
DAG File Processing Stats

File Path                                  PID    Runtime      # DAGs    # Errors  Last Runtime    Last Run
-----------------------------------------  -----  ---------  --------  ----------  --------------  -------------------
/opt/airflow/dags/01_dag_exchange_rate.py                           1           0  0.28s           2026-04-29T02:27:42
================================================================================
[2026-04-29T02:28:29.832+0000] {manager.py:878} INFO - 
================================================================================
DAG File Processing Stats

File Path                                  PID    Runtime      # DAGs    # Errors  Last Runtime    Last Run
-----------------------------------------  -----  ---------  --------  ----------  --------------  -------------------
/opt/airflow/dags/01_dag_exchange_rate.py                           1           0  0.78s           2026-04-29T02:28:13
================================================================================
[2026-04-29T02:28:48.775+0000] {manager.py:737} INFO - Searching for files in /opt/airflow/dags
[2026-04-29T02:28:48.822+0000] {manager.py:740} INFO - There are 1 files in /opt/airflow/dags
[2026-04-29T02:28:58.201+0000] {manager.py:878} INFO - 
================================================================================
DAG File Processing Stats

File Path                                  PID    Runtime      # DAGs    # Errors  Last Runtime    Last Run
-----------------------------------------  -----  ---------  --------  ----------  --------------  -------------------
/opt/airflow/dags/01_dag_exchange_rate.py                           1           0  0.38s           2026-04-29T02:28:44
================================================================================
[2026-04-29T02:29:26.657+0000] {manager.py:878} INFO - 
================================================================================
DAG File Processing Stats

File Path                                  PID    Runtime      # DAGs    # Errors  Last Runtime    Last Run
-----------------------------------------  -----  ---------  --------  ----------  --------------  -------------------
/opt/airflow/dags/01_dag_exchange_rate.py                           1           0  0.21s           2026-04-29T02:29:14
================================================================================
[2026-04-29T02:29:55.049+0000] {manager.py:878} INFO - 
================================================================================
DAG File Processing Stats

File Path                                  PID    Runtime      # DAGs    # Errors  Last Runtime    Last Run
-----------------------------------------  -----  ---------  --------  ----------  --------------  -------------------
/opt/airflow/dags/01_dag_exchange_rate.py                           1           0  0.29s           2026-04-29T02:29:45
================================================================================
[2026-04-29T02:30:23.650+0000] {manager.py:878} INFO - 
================================================================================
DAG File Processing Stats

File Path                                  PID    Runtime      # DAGs    # Errors  Last Runtime    Last Run
-----------------------------------------  -----  ---------  --------  ----------  --------------  -------------------
/opt/airflow/dags/01_dag_exchange_rate.py                           1           0  0.35s           2026-04-29T02:30:15
================================================================================
[2026-04-29T02:30:51.927+0000] {manager.py:878} INFO - 
================================================================================
DAG File Processing Stats

File Path                                  PID    Runtime      # DAGs    # Errors  Last Runtime    Last Run
-----------------------------------------  -----  ---------  --------  ----------  --------------  -------------------
/opt/airflow/dags/01_dag_exchange_rate.py                           1           0  0.83s           2026-04-29T02:30:46
================================================================================
[2026-04-29T02:31:20.185+0000] {manager.py:878} INFO - 
================================================================================
DAG File Processing Stats

File Path                                  PID    Runtime      # DAGs    # Errors  Last Runtime    Last Run
-----------------------------------------  -----  ---------  --------  ----------  --------------  -------------------
/opt/airflow/dags/01_dag_exchange_rate.py                           1           0  1.13s           2026-04-29T02:31:18
================================================================================
[2026-04-29T02:31:48.461+0000] {manager.py:878} INFO - 
================================================================================
DAG File Processing Stats

File Path                                    PID  Runtime      # DAGs    # Errors  Last Runtime    Last Run
-----------------------------------------  -----  ---------  --------  ----------  --------------  -------------------
/opt/airflow/dags/01_dag_exchange_rate.py    330  0.01s             1           0  1.13s           2026-04-29T02:31:18
================================================================================
[2026-04-29T02:32:17.047+0000] {manager.py:878} INFO - 
================================================================================
DAG File Processing Stats

File Path                                  PID    Runtime      # DAGs    # Errors  Last Runtime    Last Run
-----------------------------------------  -----  ---------  --------  ----------  --------------  -------------------
/opt/airflow/dags/01_dag_exchange_rate.py                           1           0  0.27s           2026-04-29T02:31:48
================================================================================
[2026-04-29T02:32:45.629+0000] {manager.py:878} INFO - 
================================================================================
DAG File Processing Stats

File Path                                  PID    Runtime      # DAGs    # Errors  Last Runtime    Last Run
-----------------------------------------  -----  ---------  --------  ----------  --------------  -------------------
/opt/airflow/dags/01_dag_exchange_rate.py                           1           0  0.41s           2026-04-29T02:32:19
================================================================================
[2026-04-29T02:33:14.509+0000] {manager.py:878} INFO - 
================================================================================
DAG File Processing Stats

File Path                                  PID    Runtime      # DAGs    # Errors  Last Runtime    Last Run
-----------------------------------------  -----  ---------  --------  ----------  --------------  -------------------
/opt/airflow/dags/01_dag_exchange_rate.py                           1           0  0.37s           2026-04-29T02:32:50
================================================================================
[2026-04-29T02:33:43.017+0000] {manager.py:878} INFO - 
================================================================================
DAG File Processing Stats

File Path                                  PID    Runtime      # DAGs    # Errors  Last Runtime    Last Run
-----------------------------------------  -----  ---------  --------  ----------  --------------  -------------------
/opt/airflow/dags/01_dag_exchange_rate.py                           1           0  0.30s           2026-04-29T02:33:21
================================================================================
[2026-04-29T02:33:49.300+0000] {manager.py:737} INFO - Searching for files in /opt/airflow/dags
[2026-04-29T02:33:49.314+0000] {manager.py:740} INFO - There are 1 files in /opt/airflow/dags
[2026-04-29T02:34:11.490+0000] {manager.py:878} INFO - 
================================================================================
DAG File Processing Stats

File Path                                  PID    Runtime      # DAGs    # Errors  Last Runtime    Last Run
-----------------------------------------  -----  ---------  --------  ----------  --------------  -------------------
/opt/airflow/dags/01_dag_exchange_rate.py                           1           0  0.26s           2026-04-29T02:33:51
================================================================================
[2026-04-29T02:34:39.855+0000] {manager.py:878} INFO - 
================================================================================
DAG File Processing Stats

File Path                                  PID    Runtime      # DAGs    # Errors  Last Runtime    Last Run
-----------------------------------------  -----  ---------  --------  ----------  --------------  -------------------
/opt/airflow/dags/01_dag_exchange_rate.py                           1           0  0.21s           2026-04-29T02:34:21
================================================================================
[2026-04-29T02:35:08.473+0000] {manager.py:878} INFO - 
================================================================================
DAG File Processing Stats

File Path                                  PID    Runtime      # DAGs    # Errors  Last Runtime    Last Run
-----------------------------------------  -----  ---------  --------  ----------  --------------  -------------------
/opt/airflow/dags/01_dag_exchange_rate.py                           1           0  0.22s           2026-04-29T02:34:52
================================================================================
[2026-04-29T02:35:36.845+0000] {manager.py:878} INFO - 
================================================================================
DAG File Processing Stats

File Path                                  PID    Runtime      # DAGs    # Errors  Last Runtime    Last Run
-----------------------------------------  -----  ---------  --------  ----------  --------------  -------------------
/opt/airflow/dags/01_dag_exchange_rate.py                           1           0  0.22s           2026-04-29T02:35:22
================================================================================
[2026-04-29T02:36:05.550+0000] {manager.py:878} INFO - 
================================================================================
DAG File Processing Stats

File Path                                  PID    Runtime      # DAGs    # Errors  Last Runtime    Last Run
-----------------------------------------  -----  ---------  --------  ----------  --------------  -------------------
/opt/airflow/dags/01_dag_exchange_rate.py                           1           0  0.56s           2026-04-29T02:35:53
================================================================================
[2026-04-29T02:36:34.009+0000] {manager.py:878} INFO - 
================================================================================
DAG File Processing Stats

File Path                                  PID    Runtime      # DAGs    # Errors  Last Runtime    Last Run
-----------------------------------------  -----  ---------  --------  ----------  --------------  -------------------
/opt/airflow/dags/01_dag_exchange_rate.py                           1           0  0.30s           2026-04-29T02:36:24
================================================================================
[2026-04-29T02:37:02.467+0000] {manager.py:878} INFO - 
================================================================================
DAG File Processing Stats

File Path                                  PID    Runtime      # DAGs    # Errors  Last Runtime    Last Run
-----------------------------------------  -----  ---------  --------  ----------  --------------  -------------------
/opt/airflow/dags/01_dag_exchange_rate.py                           1           0  0.23s           2026-04-29T02:36:54
================================================================================
[2026-04-29T02:37:31.034+0000] {manager.py:878} INFO - 
================================================================================
DAG File Processing Stats

File Path                                  PID    Runtime      # DAGs    # Errors  Last Runtime    Last Run
-----------------------------------------  -----  ---------  --------  ----------  --------------  -------------------
/opt/airflow/dags/01_dag_exchange_rate.py                           1           0  0.22s           2026-04-29T02:37:25
================================================================================
[2026-04-29T02:37:59.489+0000] {manager.py:878} INFO - 
================================================================================
DAG File Processing Stats

File Path                                  PID    Runtime      # DAGs    # Errors  Last Runtime    Last Run
-----------------------------------------  -----  ---------  --------  ----------  --------------  -------------------
/opt/airflow/dags/01_dag_exchange_rate.py                           1           0  0.30s           2026-04-29T02:37:55
================================================================================
[2026-04-29T02:38:27.102+0000] {manager.py:878} INFO - 
================================================================================
DAG File Processing Stats

File Path                                  PID    Runtime      # DAGs    # Errors  Last Runtime    Last Run
-----------------------------------------  -----  ---------  --------  ----------  --------------  -------------------
/opt/airflow/dags/01_dag_exchange_rate.py                           1           0  0.26s           2026-04-29T02:38:26
================================================================================
[2026-04-29T02:38:49.451+0000] {manager.py:737} INFO - Searching for files in /opt/airflow/dags
[2026-04-29T02:38:49.473+0000] {manager.py:740} INFO - There are 1 files in /opt/airflow/dags
[2026-04-29T02:38:54.399+0000] {manager.py:878} INFO - 
================================================================================
DAG File Processing Stats

File Path                                  PID    Runtime      # DAGs    # Errors  Last Runtime    Last Run
-----------------------------------------  -----  ---------  --------  ----------  --------------  -------------------
/opt/airflow/dags/01_dag_exchange_rate.py                           1           0  0.26s           2026-04-29T02:38:26
================================================================================
[2026-04-29T02:39:22.775+0000] {manager.py:878} INFO - 
================================================================================
DAG File Processing Stats

File Path                                  PID    Runtime      # DAGs    # Errors  Last Runtime    Last Run
-----------------------------------------  -----  ---------  --------  ----------  --------------  -------------------
/opt/airflow/dags/01_dag_exchange_rate.py                           1           0  0.24s           2026-04-29T02:38:56
================================================================================
[2026-04-29T02:39:51.395+0000] {manager.py:878} INFO - 
================================================================================
DAG File Processing Stats

File Path                                  PID    Runtime      # DAGs    # Errors  Last Runtime    Last Run
-----------------------------------------  -----  ---------  --------  ----------  --------------  -------------------
/opt/airflow/dags/01_dag_exchange_rate.py                           1           0  0.36s           2026-04-29T02:39:27
================================================================================
[2026-04-29T02:40:19.889+0000] {manager.py:878} INFO - 
================================================================================
DAG File Processing Stats

File Path                                  PID    Runtime      # DAGs    # Errors  Last Runtime    Last Run
-----------------------------------------  -----  ---------  --------  ----------  --------------  -------------------
/opt/airflow/dags/01_dag_exchange_rate.py                           1           0  0.24s           2026-04-29T02:39:57
================================================================================
[2026-04-29T02:40:48.321+0000] {manager.py:878} INFO - 
================================================================================
DAG File Processing Stats

File Path                                  PID    Runtime      # DAGs    # Errors  Last Runtime    Last Run
-----------------------------------------  -----  ---------  --------  ----------  --------------  -------------------
/opt/airflow/dags/01_dag_exchange_rate.py                           1           0  0.22s           2026-04-29T02:40:28
================================================================================
[2026-04-29T02:41:16.838+0000] {manager.py:878} INFO - 
================================================================================
DAG File Processing Stats

File Path                                  PID    Runtime      # DAGs    # Errors  Last Runtime    Last Run
-----------------------------------------  -----  ---------  --------  ----------  --------------  -------------------
/opt/airflow/dags/01_dag_exchange_rate.py                           1           0  0.27s           2026-04-29T02:40:58
================================================================================
[2026-04-29T02:41:45.330+0000] {manager.py:878} INFO - 
================================================================================
DAG File Processing Stats

File Path                                  PID    Runtime      # DAGs    # Errors  Last Runtime    Last Run
-----------------------------------------  -----  ---------  --------  ----------  --------------  -------------------
/opt/airflow/dags/01_dag_exchange_rate.py                           1           0  0.27s           2026-04-29T02:41:29
================================================================================
[2026-04-29T02:42:14.858+0000] {manager.py:878} INFO - 
================================================================================
DAG File Processing Stats

File Path                                  PID    Runtime      # DAGs    # Errors  Last Runtime    Last Run
-----------------------------------------  -----  ---------  --------  ----------  --------------  -------------------
/opt/airflow/dags/01_dag_exchange_rate.py                           1           0  0.37s           2026-04-29T02:41:59
================================================================================
[2026-04-29T02:42:42.245+0000] {manager.py:878} INFO - 
================================================================================
DAG File Processing Stats

File Path                                  PID    Runtime      # DAGs    # Errors  Last Runtime    Last Run
-----------------------------------------  -----  ---------  --------  ----------  --------------  -------------------
/opt/airflow/dags/01_dag_exchange_rate.py                           1           0  0.22s           2026-04-29T02:42:30
================================================================================
[2026-04-29T02:43:10.814+0000] {manager.py:878} INFO - 
================================================================================
DAG File Processing Stats

File Path                                  PID    Runtime      # DAGs    # Errors  Last Runtime    Last Run
-----------------------------------------  -----  ---------  --------  ----------  --------------  -------------------
/opt/airflow/dags/01_dag_exchange_rate.py                           1           0  0.26s           2026-04-29T02:43:00
================================================================================
[2026-04-29T02:43:39.257+0000] {manager.py:878} INFO - 
================================================================================
DAG File Processing Stats

File Path                                  PID    Runtime      # DAGs    # Errors  Last Runtime    Last Run
-----------------------------------------  -----  ---------  --------  ----------  --------------  -------------------
/opt/airflow/dags/01_dag_exchange_rate.py                           1           0  0.28s           2026-04-29T02:43:31
================================================================================
[2026-04-29T02:43:49.564+0000] {manager.py:737} INFO - Searching for files in /opt/airflow/dags
[2026-04-29T02:43:49.587+0000] {manager.py:740} INFO - There are 1 files in /opt/airflow/dags
[2026-04-29T02:44:07.928+0000] {manager.py:878} INFO - 
================================================================================
DAG File Processing Stats

File Path                                  PID    Runtime      # DAGs    # Errors  Last Runtime    Last Run
-----------------------------------------  -----  ---------  --------  ----------  --------------  -------------------
/opt/airflow/dags/01_dag_exchange_rate.py                           1           0  0.45s           2026-04-29T02:44:01
================================================================================
[2026-04-29T02:44:36.508+0000] {manager.py:878} INFO - 
================================================================================
DAG File Processing Stats

File Path                                  PID    Runtime      # DAGs    # Errors  Last Runtime    Last Run
-----------------------------------------  -----  ---------  --------  ----------  --------------  -------------------
/opt/airflow/dags/01_dag_exchange_rate.py                           1           0  0.23s           2026-04-29T02:44:32
================================================================================
[2026-04-29T02:45:04.919+0000] {manager.py:878} INFO - 
================================================================================
DAG File Processing Stats

File Path                                  PID    Runtime      # DAGs    # Errors  Last Runtime    Last Run
-----------------------------------------  -----  ---------  --------  ----------  --------------  -------------------
/opt/airflow/dags/01_dag_exchange_rate.py                           1           0  0.32s           2026-04-29T02:45:03
================================================================================
[2026-04-29T02:45:33.369+0000] {manager.py:878} INFO - 
================================================================================
DAG File Processing Stats

File Path                                    PID  Runtime      # DAGs    # Errors  Last Runtime    Last Run
-----------------------------------------  -----  ---------  --------  ----------  --------------  -------------------
/opt/airflow/dags/01_dag_exchange_rate.py    465  0.01s             1           0  0.32s           2026-04-29T02:45:03
================================================================================
[2026-04-29T02:46:03.009+0000] {manager.py:878} INFO - 
================================================================================
DAG File Processing Stats

File Path                                  PID    Runtime      # DAGs    # Errors  Last Runtime    Last Run
-----------------------------------------  -----  ---------  --------  ----------  --------------  -------------------
/opt/airflow/dags/01_dag_exchange_rate.py                           1           0  0.23s           2026-04-29T02:45:33
================================================================================
[2026-04-29T02:46:30.447+0000] {manager.py:878} INFO - 
================================================================================
DAG File Processing Stats

File Path                                  PID    Runtime      # DAGs    # Errors  Last Runtime    Last Run
-----------------------------------------  -----  ---------  --------  ----------  --------------  -------------------
/opt/airflow/dags/01_dag_exchange_rate.py                           1           0  0.23s           2026-04-29T02:46:04
================================================================================
[2026-04-29T02:46:59.078+0000] {manager.py:878} INFO - 
================================================================================
DAG File Processing Stats

File Path                                  PID    Runtime      # DAGs    # Errors  Last Runtime    Last Run
-----------------------------------------  -----  ---------  --------  ----------  --------------  -------------------
/opt/airflow/dags/01_dag_exchange_rate.py                           1           0  0.22s           2026-04-29T02:46:34
================================================================================
[2026-04-29T02:47:27.476+0000] {manager.py:878} INFO - 
================================================================================
DAG File Processing Stats

File Path                                  PID    Runtime      # DAGs    # Errors  Last Runtime    Last Run
-----------------------------------------  -----  ---------  --------  ----------  --------------  -------------------
/opt/airflow/dags/01_dag_exchange_rate.py                           1           0  0.23s           2026-04-29T02:47:05
================================================================================
[2026-04-29T02:47:56.087+0000] {manager.py:878} INFO - 
================================================================================
DAG File Processing Stats

File Path                                  PID    Runtime      # DAGs    # Errors  Last Runtime    Last Run
-----------------------------------------  -----  ---------  --------  ----------  --------------  -------------------
/opt/airflow/dags/01_dag_exchange_rate.py                           1           0  0.24s           2026-04-29T02:47:35
================================================================================
[2026-04-29T02:48:24.520+0000] {manager.py:878} INFO - 
================================================================================
DAG File Processing Stats

File Path                                  PID    Runtime      # DAGs    # Errors  Last Runtime    Last Run
-----------------------------------------  -----  ---------  --------  ----------  --------------  -------------------
/opt/airflow/dags/01_dag_exchange_rate.py                           1           0  0.23s           2026-04-29T02:48:06
================================================================================
[2026-04-29T02:48:49.883+0000] {manager.py:737} INFO - Searching for files in /opt/airflow/dags
[2026-04-29T02:48:49.907+0000] {manager.py:740} INFO - There are 1 files in /opt/airflow/dags
[2026-04-29T02:48:52.933+0000] {manager.py:878} INFO - 
================================================================================
DAG File Processing Stats

File Path                                  PID    Runtime      # DAGs    # Errors  Last Runtime    Last Run
-----------------------------------------  -----  ---------  --------  ----------  --------------  -------------------
/opt/airflow/dags/01_dag_exchange_rate.py                           1           0  0.23s           2026-04-29T02:48:36
================================================================================
[2026-04-29T04:08:28.330+0000] {manager.py:737} INFO - Searching for files in /opt/airflow/dags
[2026-04-29T04:08:28.421+0000] {manager.py:740} INFO - There are 1 files in /opt/airflow/dags
[2026-04-29T04:08:28.483+0000] {manager.py:1203} ERROR - Processor for /opt/airflow/dags/01_dag_exchange_rate.py with PID 500 started at 2026-04-29T02:49:07.494279+00:00 has timed out, killing it.
[2026-04-29T04:08:41.544+0000] {manager.py:878} INFO - 
================================================================================
DAG File Processing Stats

File Path                                  PID    Runtime      # DAGs    # Errors  Last Runtime    Last Run
-----------------------------------------  -----  ---------  --------  ----------  --------------  -------------------
/opt/airflow/dags/01_dag_exchange_rate.py                           0           1  4760.99s        2026-04-29T04:08:28
================================================================================
[2026-04-29T04:09:10.734+0000] {manager.py:878} INFO - 
================================================================================
DAG File Processing Stats

File Path                                  PID    Runtime      # DAGs    # Errors  Last Runtime    Last Run
-----------------------------------------  -----  ---------  --------  ----------  --------------  -------------------
/opt/airflow/dags/01_dag_exchange_rate.py                           1           0  0.77s           2026-04-29T04:08:59
================================================================================
[2026-04-29T04:09:39.074+0000] {manager.py:878} INFO - 
================================================================================
DAG File Processing Stats

File Path                                  PID    Runtime      # DAGs    # Errors  Last Runtime    Last Run
-----------------------------------------  -----  ---------  --------  ----------  --------------  -------------------
/opt/airflow/dags/01_dag_exchange_rate.py                           1           0  2.09s           2026-04-29T04:09:32
================================================================================
[2026-04-29T04:10:07.750+0000] {manager.py:878} INFO - 
================================================================================
DAG File Processing Stats

File Path                                  PID    Runtime      # DAGs    # Errors  Last Runtime    Last Run
-----------------------------------------  -----  ---------  --------  ----------  --------------  -------------------
/opt/airflow/dags/01_dag_exchange_rate.py                           1           0  0.34s           2026-04-29T04:10:02
================================================================================
[2026-04-29T04:10:36.481+0000] {manager.py:878} INFO - 
================================================================================
DAG File Processing Stats

File Path                                  PID    Runtime      # DAGs    # Errors  Last Runtime    Last Run
-----------------------------------------  -----  ---------  --------  ----------  --------------  -------------------
/opt/airflow/dags/01_dag_exchange_rate.py                           1           0  0.35s           2026-04-29T04:10:33
================================================================================
[2026-04-29T04:11:05.091+0000] {manager.py:878} INFO - 
================================================================================
DAG File Processing Stats

File Path                                  PID    Runtime      # DAGs    # Errors  Last Runtime    Last Run
-----------------------------------------  -----  ---------  --------  ----------  --------------  -------------------
/opt/airflow/dags/01_dag_exchange_rate.py                           1           0  0.31s           2026-04-29T04:11:04
================================================================================
[2026-04-29T04:11:33.530+0000] {manager.py:878} INFO - 
================================================================================
DAG File Processing Stats

File Path                                  PID    Runtime      # DAGs    # Errors  Last Runtime    Last Run
-----------------------------------------  -----  ---------  --------  ----------  --------------  -------------------
/opt/airflow/dags/01_dag_exchange_rate.py                           1           0  0.31s           2026-04-29T04:11:04
================================================================================
[2026-04-29T04:12:02.193+0000] {manager.py:878} INFO - 
================================================================================
DAG File Processing Stats

File Path                                  PID    Runtime      # DAGs    # Errors  Last Runtime    Last Run
-----------------------------------------  -----  ---------  --------  ----------  --------------  -------------------
/opt/airflow/dags/01_dag_exchange_rate.py                           1           0  0.31s           2026-04-29T04:11:34
================================================================================
[2026-04-29T04:12:30.890+0000] {manager.py:878} INFO - 
================================================================================
DAG File Processing Stats

File Path                                  PID    Runtime      # DAGs    # Errors  Last Runtime    Last Run
-----------------------------------------  -----  ---------  --------  ----------  --------------  -------------------
/opt/airflow/dags/01_dag_exchange_rate.py                           1           0  0.25s           2026-04-29T04:12:05
================================================================================
[2026-04-29T04:12:59.428+0000] {manager.py:878} INFO - 
================================================================================
DAG File Processing Stats

File Path                                  PID    Runtime      # DAGs    # Errors  Last Runtime    Last Run
-----------------------------------------  -----  ---------  --------  ----------  --------------  -------------------
/opt/airflow/dags/01_dag_exchange_rate.py                           1           0  0.25s           2026-04-29T04:12:36
================================================================================
[2026-04-29T04:13:28.281+0000] {manager.py:878} INFO - 
================================================================================
DAG File Processing Stats

File Path                                  PID    Runtime      # DAGs    # Errors  Last Runtime    Last Run
-----------------------------------------  -----  ---------  --------  ----------  --------------  -------------------
/opt/airflow/dags/01_dag_exchange_rate.py                           1           0  0.33s           2026-04-29T04:13:06
================================================================================
[2026-04-29T04:13:28.412+0000] {manager.py:737} INFO - Searching for files in /opt/airflow/dags
[2026-04-29T04:13:28.633+0000] {manager.py:740} INFO - There are 2 files in /opt/airflow/dags
[2026-04-29T04:13:57.478+0000] {manager.py:878} INFO - 
================================================================================
DAG File Processing Stats

File Path                                  PID    Runtime      # DAGs    # Errors  Last Runtime    Last Run
-----------------------------------------  -----  ---------  --------  ----------  --------------  -------------------
/opt/airflow/dags/01_dag_exchange_rate.py                           1           0  1.08s           2026-04-29T04:13:38
/opt/airflow/dags/02_dag_daily_stats.py                             1           0  0.35s           2026-04-29T04:13:29
================================================================================
[2026-04-29T04:14:26.157+0000] {manager.py:878} INFO - 
================================================================================
DAG File Processing Stats

File Path                                  PID    Runtime      # DAGs    # Errors  Last Runtime    Last Run
-----------------------------------------  -----  ---------  --------  ----------  --------------  -------------------
/opt/airflow/dags/02_dag_daily_stats.py                             1           0  0.24s           2026-04-29T04:14:00
/opt/airflow/dags/01_dag_exchange_rate.py                           1           0  0.23s           2026-04-29T04:14:08
================================================================================
[2026-04-29T04:14:54.863+0000] {manager.py:878} INFO - 
================================================================================
DAG File Processing Stats

File Path                                  PID    Runtime      # DAGs    # Errors  Last Runtime    Last Run
-----------------------------------------  -----  ---------  --------  ----------  --------------  -------------------
/opt/airflow/dags/02_dag_daily_stats.py                             1           0  0.60s           2026-04-29T04:14:31
/opt/airflow/dags/01_dag_exchange_rate.py                           1           0  0.49s           2026-04-29T04:14:39
================================================================================
[2026-04-29T04:15:23.700+0000] {manager.py:878} INFO - 
================================================================================
DAG File Processing Stats

File Path                                  PID    Runtime      # DAGs    # Errors  Last Runtime    Last Run
-----------------------------------------  -----  ---------  --------  ----------  --------------  -------------------
/opt/airflow/dags/02_dag_daily_stats.py                             1           0  0.28s           2026-04-29T04:15:02
/opt/airflow/dags/01_dag_exchange_rate.py                           1           0  0.25s           2026-04-29T04:15:10
================================================================================
[2026-04-29T04:15:52.621+0000] {manager.py:878} INFO - 
================================================================================
DAG File Processing Stats

File Path                                  PID    Runtime      # DAGs    # Errors  Last Runtime    Last Run
-----------------------------------------  -----  ---------  --------  ----------  --------------  -------------------
/opt/airflow/dags/02_dag_daily_stats.py                             1           0  0.34s           2026-04-29T04:15:33
/opt/airflow/dags/01_dag_exchange_rate.py                           1           0  0.25s           2026-04-29T04:15:40
================================================================================
[2026-04-29T04:16:20.944+0000] {manager.py:878} INFO - 
================================================================================
DAG File Processing Stats

File Path                                  PID    Runtime      # DAGs    # Errors  Last Runtime    Last Run
-----------------------------------------  -----  ---------  --------  ----------  --------------  -------------------
/opt/airflow/dags/02_dag_daily_stats.py                             1           0  0.50s           2026-04-29T04:16:04
/opt/airflow/dags/01_dag_exchange_rate.py                           1           0  0.42s           2026-04-29T04:16:11
================================================================================
[2026-04-29T04:16:49.797+0000] {manager.py:878} INFO - 
================================================================================
DAG File Processing Stats

File Path                                  PID    Runtime      # DAGs    # Errors  Last Runtime    Last Run
-----------------------------------------  -----  ---------  --------  ----------  --------------  -------------------
/opt/airflow/dags/01_dag_exchange_rate.py                           1           0  0.23s           2026-04-29T04:16:42
/opt/airflow/dags/02_dag_daily_stats.py                             1           0  0.22s           2026-04-29T04:16:35
================================================================================
[2026-04-29T04:17:18.546+0000] {manager.py:878} INFO - 
================================================================================
DAG File Processing Stats

File Path                                  PID    Runtime      # DAGs    # Errors  Last Runtime    Last Run
-----------------------------------------  -----  ---------  --------  ----------  --------------  -------------------
/opt/airflow/dags/02_dag_daily_stats.py                             1           0  0.30s           2026-04-29T04:17:05
/opt/airflow/dags/01_dag_exchange_rate.py                           1           0  0.26s           2026-04-29T04:17:13
================================================================================
[2026-04-29T04:17:47.235+0000] {manager.py:878} INFO - 
================================================================================
DAG File Processing Stats

File Path                                  PID    Runtime      # DAGs    # Errors  Last Runtime    Last Run
-----------------------------------------  -----  ---------  --------  ----------  --------------  -------------------
/opt/airflow/dags/02_dag_daily_stats.py                             1           0  1.06s           2026-04-29T04:17:36
/opt/airflow/dags/01_dag_exchange_rate.py                           1           0  1.03s           2026-04-29T04:17:45
================================================================================
[2026-04-29T04:18:15.621+0000] {manager.py:878} INFO - 
================================================================================
DAG File Processing Stats

File Path                                    PID  Runtime      # DAGs    # Errors  Last Runtime    Last Run
-----------------------------------------  -----  ---------  --------  ----------  --------------  -------------------
/opt/airflow/dags/02_dag_daily_stats.py                             1           0  2.61s           2026-04-29T04:18:09
/opt/airflow/dags/01_dag_exchange_rate.py    666  0.06s             1           0  1.03s           2026-04-29T04:17:45
================================================================================
[2026-04-29T04:18:28.703+0000] {manager.py:737} INFO - Searching for files in /opt/airflow/dags
[2026-04-29T04:18:28.809+0000] {manager.py:740} INFO - There are 2 files in /opt/airflow/dags
[2026-04-29T04:18:43.947+0000] {manager.py:878} INFO - 
================================================================================
DAG File Processing Stats

File Path                                  PID    Runtime      # DAGs    # Errors  Last Runtime    Last Run
-----------------------------------------  -----  ---------  --------  ----------  --------------  -------------------
/opt/airflow/dags/01_dag_exchange_rate.py                           1           0  1.04s           2026-04-29T04:18:16
/opt/airflow/dags/02_dag_daily_stats.py                             1           0  0.51s           2026-04-29T04:18:40
================================================================================
[2026-04-29T04:19:12.256+0000] {manager.py:878} INFO - 
================================================================================
DAG File Processing Stats

File Path                                  PID    Runtime      # DAGs    # Errors  Last Runtime    Last Run
-----------------------------------------  -----  ---------  --------  ----------  --------------  -------------------
/opt/airflow/dags/01_dag_exchange_rate.py                           1           0  0.95s           2026-04-29T04:18:48
/opt/airflow/dags/02_dag_daily_stats.py                             1           0  0.44s           2026-04-29T04:19:12
================================================================================
[2026-04-29T04:19:40.841+0000] {manager.py:878} INFO - 
================================================================================
DAG File Processing Stats

File Path                                  PID    Runtime      # DAGs    # Errors  Last Runtime    Last Run
-----------------------------------------  -----  ---------  --------  ----------  --------------  -------------------
/opt/airflow/dags/01_dag_exchange_rate.py                           1           0  0.52s           2026-04-29T04:19:18
/opt/airflow/dags/02_dag_daily_stats.py                             1           0  0.44s           2026-04-29T04:19:12
================================================================================
[2026-04-29T04:20:09.498+0000] {manager.py:878} INFO - 
================================================================================
DAG File Processing Stats

File Path                                  PID    Runtime      # DAGs    # Errors  Last Runtime    Last Run
-----------------------------------------  -----  ---------  --------  ----------  --------------  -------------------
/opt/airflow/dags/01_dag_exchange_rate.py                           1           0  0.80s           2026-04-29T04:19:49
/opt/airflow/dags/02_dag_daily_stats.py                             1           0  0.69s           2026-04-29T04:19:43
================================================================================
[2026-04-29T04:20:37.863+0000] {manager.py:878} INFO - 
================================================================================
DAG File Processing Stats

File Path                                  PID    Runtime      # DAGs    # Errors  Last Runtime    Last Run
-----------------------------------------  -----  ---------  --------  ----------  --------------  -------------------
/opt/airflow/dags/01_dag_exchange_rate.py                           1           0  0.77s           2026-04-29T04:20:20
/opt/airflow/dags/02_dag_daily_stats.py                             1           0  0.54s           2026-04-29T04:20:14
================================================================================
[2026-04-29T04:21:06.230+0000] {manager.py:878} INFO - 
================================================================================
DAG File Processing Stats

File Path                                  PID    Runtime      # DAGs    # Errors  Last Runtime    Last Run
-----------------------------------------  -----  ---------  --------  ----------  --------------  -------------------
/opt/airflow/dags/02_dag_daily_stats.py                             1           0  0.27s           2026-04-29T04:20:44
/opt/airflow/dags/01_dag_exchange_rate.py                           1           0  0.22s           2026-04-29T04:20:51
================================================================================
[2026-04-29T04:21:35.108+0000] {manager.py:878} INFO - 
================================================================================
DAG File Processing Stats

File Path                                  PID    Runtime      # DAGs    # Errors  Last Runtime    Last Run
-----------------------------------------  -----  ---------  --------  ----------  --------------  -------------------
/opt/airflow/dags/02_dag_daily_stats.py                             1           0  0.59s           2026-04-29T04:21:15
/opt/airflow/dags/01_dag_exchange_rate.py                           1           0  0.28s           2026-04-29T04:21:22
================================================================================
[2026-04-29T04:22:03.879+0000] {manager.py:878} INFO - 
================================================================================
DAG File Processing Stats

File Path                                  PID    Runtime      # DAGs    # Errors  Last Runtime    Last Run
-----------------------------------------  -----  ---------  --------  ----------  --------------  -------------------
/opt/airflow/dags/01_dag_exchange_rate.py                           1           0  0.26s           2026-04-29T04:21:52
/opt/airflow/dags/02_dag_daily_stats.py                             1           0  0.24s           2026-04-29T04:21:46
================================================================================
[2026-04-29T04:22:32.729+0000] {manager.py:878} INFO - 
================================================================================
DAG File Processing Stats

File Path                                  PID    Runtime      # DAGs    # Errors  Last Runtime    Last Run
-----------------------------------------  -----  ---------  --------  ----------  --------------  -------------------
/opt/airflow/dags/01_dag_exchange_rate.py                           1           0  0.36s           2026-04-29T04:22:23
/opt/airflow/dags/02_dag_daily_stats.py                             1           0  0.24s           2026-04-29T04:22:17
================================================================================
[2026-04-29T04:23:01.095+0000] {manager.py:878} INFO - 
================================================================================
DAG File Processing Stats

File Path                                  PID    Runtime      # DAGs    # Errors  Last Runtime    Last Run
-----------------------------------------  -----  ---------  --------  ----------  --------------  -------------------
/opt/airflow/dags/01_dag_exchange_rate.py                           1           0  0.83s           2026-04-29T04:22:55
/opt/airflow/dags/02_dag_daily_stats.py                             1           0  0.36s           2026-04-29T04:22:48
================================================================================
[2026-04-29T04:23:29.330+0000] {manager.py:737} INFO - Searching for files in /opt/airflow/dags
[2026-04-29T04:23:29.478+0000] {manager.py:740} INFO - There are 2 files in /opt/airflow/dags
[2026-04-29T04:23:29.550+0000] {manager.py:878} INFO - 
================================================================================
DAG File Processing Stats

File Path                                  PID    Runtime      # DAGs    # Errors  Last Runtime    Last Run
-----------------------------------------  -----  ---------  --------  ----------  --------------  -------------------
/opt/airflow/dags/01_dag_exchange_rate.py                           1           0  1.27s           2026-04-29T04:23:27
/opt/airflow/dags/02_dag_daily_stats.py                             1           0  0.27s           2026-04-29T04:23:19
================================================================================
[2026-04-29T04:23:57.951+0000] {manager.py:878} INFO - 
================================================================================
DAG File Processing Stats

File Path                                  PID    Runtime      # DAGs    # Errors  Last Runtime    Last Run
-----------------------------------------  -----  ---------  --------  ----------  --------------  -------------------
/opt/airflow/dags/02_dag_daily_stats.py                             1           0  0.66s           2026-04-29T04:23:50
/opt/airflow/dags/01_dag_exchange_rate.py                           1           0  0.31s           2026-04-29T04:23:57
================================================================================
[2026-04-29T04:24:26.616+0000] {manager.py:878} INFO - 
================================================================================
DAG File Processing Stats

File Path                                  PID    Runtime      # DAGs    # Errors  Last Runtime    Last Run
-----------------------------------------  -----  ---------  --------  ----------  --------------  -------------------
/opt/airflow/dags/02_dag_daily_stats.py                             1           0  0.47s           2026-04-29T04:24:21
/opt/airflow/dags/01_dag_exchange_rate.py                           1           0  0.31s           2026-04-29T04:23:57
================================================================================
[2026-04-29T04:24:55.197+0000] {manager.py:878} INFO - 
================================================================================
DAG File Processing Stats

File Path                                  PID    Runtime      # DAGs    # Errors  Last Runtime    Last Run
-----------------------------------------  -----  ---------  --------  ----------  --------------  -------------------
/opt/airflow/dags/02_dag_daily_stats.py                             1           0  1.23s           2026-04-29T04:24:52
/opt/airflow/dags/01_dag_exchange_rate.py                           1           0  0.50s           2026-04-29T04:24:28
================================================================================
[2026-04-29T04:25:23.537+0000] {manager.py:878} INFO - 
================================================================================
DAG File Processing Stats

File Path                                  PID    Runtime      # DAGs    # Errors  Last Runtime    Last Run
-----------------------------------------  -----  ---------  --------  ----------  --------------  -------------------
/opt/airflow/dags/01_dag_exchange_rate.py                           1           0  0.44s           2026-04-29T04:24:59
/opt/airflow/dags/02_dag_daily_stats.py                             1           0  0.43s           2026-04-29T04:25:23
================================================================================
[2026-04-29T04:25:52.202+0000] {manager.py:878} INFO - 
================================================================================
DAG File Processing Stats

File Path                                  PID    Runtime      # DAGs    # Errors  Last Runtime    Last Run
-----------------------------------------  -----  ---------  --------  ----------  --------------  -------------------
/opt/airflow/dags/01_dag_exchange_rate.py                           1           0  0.63s           2026-04-29T04:25:31
/opt/airflow/dags/02_dag_daily_stats.py                             1           0  0.43s           2026-04-29T04:25:23
================================================================================
[2026-04-29T04:26:20.493+0000] {manager.py:878} INFO - 
================================================================================
DAG File Processing Stats

File Path                                  PID    Runtime      # DAGs    # Errors  Last Runtime    Last Run
-----------------------------------------  -----  ---------  --------  ----------  --------------  -------------------
/opt/airflow/dags/01_dag_exchange_rate.py                           1           0  0.46s           2026-04-29T04:26:01
/opt/airflow/dags/02_dag_daily_stats.py                             1           0  0.28s           2026-04-29T04:25:53
================================================================================
[2026-04-29T04:26:49.042+0000] {manager.py:878} INFO - 
================================================================================
DAG File Processing Stats

File Path                                  PID    Runtime      # DAGs    # Errors  Last Runtime    Last Run
-----------------------------------------  -----  ---------  --------  ----------  --------------  -------------------
/opt/airflow/dags/02_dag_daily_stats.py                             1           0  0.40s           2026-04-29T04:26:24
/opt/airflow/dags/01_dag_exchange_rate.py                           1           0  0.30s           2026-04-29T04:26:32
================================================================================
[2026-04-29T04:27:17.787+0000] {manager.py:878} INFO - 
================================================================================
DAG File Processing Stats

File Path                                  PID    Runtime      # DAGs    # Errors  Last Runtime    Last Run
-----------------------------------------  -----  ---------  --------  ----------  --------------  -------------------
/opt/airflow/dags/01_dag_exchange_rate.py                           1           0  0.26s           2026-04-29T04:27:02
/opt/airflow/dags/02_dag_daily_stats.py                             1           0  0.22s           2026-04-29T04:26:55
================================================================================
[2026-04-29T04:27:46.632+0000] {manager.py:878} INFO - 
================================================================================
DAG File Processing Stats

File Path                                  PID    Runtime      # DAGs    # Errors  Last Runtime    Last Run
-----------------------------------------  -----  ---------  --------  ----------  --------------  -------------------
/opt/airflow/dags/01_dag_exchange_rate.py                           1           0  0.28s           2026-04-29T04:27:33
/opt/airflow/dags/02_dag_daily_stats.py                             1           0  0.28s           2026-04-29T04:27:26
================================================================================
[2026-04-29T04:28:15.406+0000] {manager.py:878} INFO - 
================================================================================
DAG File Processing Stats

File Path                                  PID    Runtime      # DAGs    # Errors  Last Runtime    Last Run
-----------------------------------------  -----  ---------  --------  ----------  --------------  -------------------
/opt/airflow/dags/01_dag_exchange_rate.py                           1           0  0.27s           2026-04-29T04:28:04
/opt/airflow/dags/02_dag_daily_stats.py                             1           0  0.24s           2026-04-29T04:27:57
================================================================================
[2026-04-29T04:28:29.904+0000] {manager.py:737} INFO - Searching for files in /opt/airflow/dags
[2026-04-29T04:28:30.003+0000] {manager.py:740} INFO - There are 3 files in /opt/airflow/dags
[2026-04-29T04:28:44.253+0000] {manager.py:878} INFO - 
================================================================================
DAG File Processing Stats

File Path                                  PID    Runtime      # DAGs    # Errors  Last Runtime    Last Run
-----------------------------------------  -----  ---------  --------  ----------  --------------  -------------------
/opt/airflow/dags/03_dag_data_cleanup.py                            1           0  0.93s           2026-04-29T04:28:30
/opt/airflow/dags/01_dag_exchange_rate.py                           1           0  0.41s           2026-04-29T04:28:35
/opt/airflow/dags/02_dag_daily_stats.py                             1           0  0.22s           2026-04-29T04:28:28
================================================================================
[2026-04-29T04:29:12.944+0000] {manager.py:878} INFO - 
================================================================================
DAG File Processing Stats

File Path                                  PID    Runtime      # DAGs    # Errors  Last Runtime    Last Run
-----------------------------------------  -----  ---------  --------  ----------  --------------  -------------------
/opt/airflow/dags/02_dag_daily_stats.py                             1           0  0.24s           2026-04-29T04:28:58
/opt/airflow/dags/01_dag_exchange_rate.py                           1           0  0.22s           2026-04-29T04:29:05
/opt/airflow/dags/03_dag_data_cleanup.py                            1           0  0.16s           2026-04-29T04:29:01
================================================================================
[2026-04-29T04:29:41.823+0000] {manager.py:878} INFO - 
================================================================================
DAG File Processing Stats

File Path                                  PID    Runtime      # DAGs    # Errors  Last Runtime    Last Run
-----------------------------------------  -----  ---------  --------  ----------  --------------  -------------------
/opt/airflow/dags/02_dag_daily_stats.py                             1           0  0.22s           2026-04-29T04:29:29
/opt/airflow/dags/01_dag_exchange_rate.py                           1           0  0.21s           2026-04-29T04:29:36
/opt/airflow/dags/03_dag_data_cleanup.py                            1           0  0.20s           2026-04-29T04:29:32
================================================================================
[2026-04-29T04:30:10.132+0000] {manager.py:878} INFO - 
================================================================================
DAG File Processing Stats

File Path                                  PID    Runtime      # DAGs    # Errors  Last Runtime    Last Run
-----------------------------------------  -----  ---------  --------  ----------  --------------  -------------------
/opt/airflow/dags/02_dag_daily_stats.py                             1           0  0.51s           2026-04-29T04:30:00
/opt/airflow/dags/01_dag_exchange_rate.py                           1           0  0.21s           2026-04-29T04:30:07
/opt/airflow/dags/03_dag_data_cleanup.py                            1           0  0.18s           2026-04-29T04:30:03
================================================================================
[2026-04-29T04:30:38.955+0000] {manager.py:878} INFO - 
================================================================================
DAG File Processing Stats

File Path                                  PID    Runtime      # DAGs    # Errors  Last Runtime    Last Run
-----------------------------------------  -----  ---------  --------  ----------  --------------  -------------------
/opt/airflow/dags/02_dag_daily_stats.py                             1           0  0.82s           2026-04-29T04:30:31
/opt/airflow/dags/01_dag_exchange_rate.py                           1           0  0.25s           2026-04-29T04:30:38
/opt/airflow/dags/03_dag_data_cleanup.py                            1           0  0.22s           2026-04-29T04:30:33
================================================================================
[2026-04-29T04:31:08.007+0000] {manager.py:878} INFO - 
================================================================================
DAG File Processing Stats

File Path                                  PID    Runtime      # DAGs    # Errors  Last Runtime    Last Run
-----------------------------------------  -----  ---------  --------  ----------  --------------  -------------------
/opt/airflow/dags/01_dag_exchange_rate.py                           1           0  0.25s           2026-04-29T04:30:38
/opt/airflow/dags/02_dag_daily_stats.py                             1           0  0.22s           2026-04-29T04:31:01
/opt/airflow/dags/03_dag_data_cleanup.py                            1           0  0.18s           2026-04-29T04:31:04
================================================================================
[2026-04-29T04:31:36.401+0000] {manager.py:878} INFO - 
================================================================================
DAG File Processing Stats

File Path                                  PID    Runtime      # DAGs    # Errors  Last Runtime    Last Run
-----------------------------------------  -----  ---------  --------  ----------  --------------  -------------------
/opt/airflow/dags/02_dag_daily_stats.py                             1           0  0.24s           2026-04-29T04:31:32
/opt/airflow/dags/01_dag_exchange_rate.py                           1           0  0.23s           2026-04-29T04:31:08
/opt/airflow/dags/03_dag_data_cleanup.py                            1           0  0.23s           2026-04-29T04:31:34
================================================================================
[2026-04-29T04:32:04.712+0000] {manager.py:878} INFO - 
================================================================================
DAG File Processing Stats

File Path                                    PID  Runtime      # DAGs    # Errors  Last Runtime    Last Run
-----------------------------------------  -----  ---------  --------  ----------  --------------  -------------------
/opt/airflow/dags/01_dag_exchange_rate.py                           1           0  0.28s           2026-04-29T04:31:38
/opt/airflow/dags/02_dag_daily_stats.py                             1           0  0.23s           2026-04-29T04:32:02
/opt/airflow/dags/03_dag_data_cleanup.py     971  0.00s             1           0  0.23s           2026-04-29T04:31:34
================================================================================
[2026-04-29T04:32:33.391+0000] {manager.py:878} INFO - 
================================================================================
DAG File Processing Stats

File Path                                    PID  Runtime      # DAGs    # Errors  Last Runtime    Last Run
-----------------------------------------  -----  ---------  --------  ----------  --------------  -------------------
/opt/airflow/dags/01_dag_exchange_rate.py                           1           0  0.29s           2026-04-29T04:32:10
/opt/airflow/dags/02_dag_daily_stats.py      981  0.01s             1           0  0.23s           2026-04-29T04:32:02
/opt/airflow/dags/03_dag_data_cleanup.py                            1           0  0.14s           2026-04-29T04:32:04
================================================================================
[2026-04-29T04:33:02.230+0000] {manager.py:878} INFO - 
================================================================================
DAG File Processing Stats

File Path                                  PID    Runtime      # DAGs    # Errors  Last Runtime    Last Run
-----------------------------------------  -----  ---------  --------  ----------  --------------  -------------------
/opt/airflow/dags/01_dag_exchange_rate.py                           1           0  0.83s           2026-04-29T04:32:41
/opt/airflow/dags/03_dag_data_cleanup.py                            1           0  0.29s           2026-04-29T04:32:35
/opt/airflow/dags/02_dag_daily_stats.py                             1           0  0.28s           2026-04-29T04:32:33
================================================================================
[2026-04-29T04:33:30.001+0000] {manager.py:737} INFO - Searching for files in /opt/airflow/dags
[2026-04-29T04:33:30.048+0000] {manager.py:740} INFO - There are 3 files in /opt/airflow/dags
[2026-04-29T04:33:31.091+0000] {manager.py:878} INFO - 
================================================================================
DAG File Processing Stats

File Path                                  PID    Runtime      # DAGs    # Errors  Last Runtime    Last Run
-----------------------------------------  -----  ---------  --------  ----------  --------------  -------------------
/opt/airflow/dags/02_dag_daily_stats.py                             1           0  0.33s           2026-04-29T04:33:04
/opt/airflow/dags/01_dag_exchange_rate.py                           1           0  0.29s           2026-04-29T04:33:12
/opt/airflow/dags/03_dag_data_cleanup.py                            1           0  0.14s           2026-04-29T04:33:06
================================================================================
[2026-04-29T04:33:59.984+0000] {manager.py:878} INFO - 
================================================================================
DAG File Processing Stats

File Path                                  PID    Runtime      # DAGs    # Errors  Last Runtime    Last Run
-----------------------------------------  -----  ---------  --------  ----------  --------------  -------------------
/opt/airflow/dags/01_dag_exchange_rate.py                           1           0  0.23s           2026-04-29T04:33:42
/opt/airflow/dags/03_dag_data_cleanup.py                            1           0  0.15s           2026-04-29T04:33:36
/opt/airflow/dags/02_dag_daily_stats.py                             1           0  -0.54s          2026-04-29T04:33:34
================================================================================
[2026-04-29T04:34:28.887+0000] {manager.py:878} INFO - 
================================================================================
DAG File Processing Stats

File Path                                  PID    Runtime      # DAGs    # Errors  Last Runtime    Last Run
-----------------------------------------  -----  ---------  --------  ----------  --------------  -------------------
/opt/airflow/dags/01_dag_exchange_rate.py                           1           0  0.30s           2026-04-29T04:34:14
/opt/airflow/dags/02_dag_daily_stats.py                             1           0  0.24s           2026-04-29T04:34:05
/opt/airflow/dags/03_dag_data_cleanup.py                            1           0  0.16s           2026-04-29T04:34:07
================================================================================
[2026-04-29T04:34:57.482+0000] {manager.py:878} INFO - 
================================================================================
DAG File Processing Stats

File Path                                  PID    Runtime      # DAGs    # Errors  Last Runtime    Last Run
-----------------------------------------  -----  ---------  --------  ----------  --------------  -------------------
/opt/airflow/dags/01_dag_exchange_rate.py                           1           0  0.22s           2026-04-29T04:34:44
/opt/airflow/dags/02_dag_daily_stats.py                             1           0  0.22s           2026-04-29T04:34:36
/opt/airflow/dags/03_dag_data_cleanup.py                            1           0  0.15s           2026-04-29T04:34:38
================================================================================
[2026-04-29T04:35:26.301+0000] {manager.py:878} INFO - 
================================================================================
DAG File Processing Stats

File Path                                  PID    Runtime      # DAGs    # Errors  Last Runtime    Last Run
-----------------------------------------  -----  ---------  --------  ----------  --------------  -------------------
/opt/airflow/dags/01_dag_exchange_rate.py                           1           0  0.29s           2026-04-29T04:35:15
/opt/airflow/dags/02_dag_daily_stats.py                             1           0  0.23s           2026-04-29T04:35:07
/opt/airflow/dags/03_dag_data_cleanup.py                            1           0  0.17s           2026-04-29T04:35:09
================================================================================
[2026-04-29T04:35:55.104+0000] {manager.py:878} INFO - 
================================================================================
DAG File Processing Stats

File Path                                  PID    Runtime      # DAGs    # Errors  Last Runtime    Last Run
-----------------------------------------  -----  ---------  --------  ----------  --------------  -------------------
/opt/airflow/dags/01_dag_exchange_rate.py                           1           0  0.22s           2026-04-29T04:35:46
/opt/airflow/dags/02_dag_daily_stats.py                             1           0  0.21s           2026-04-29T04:35:37
/opt/airflow/dags/03_dag_data_cleanup.py                            1           0  0.16s           2026-04-29T04:35:39
================================================================================
[2026-04-29T04:36:23.137+0000] {manager.py:878} INFO - 
================================================================================
DAG File Processing Stats

File Path                                  PID    Runtime      # DAGs    # Errors  Last Runtime    Last Run
-----------------------------------------  -----  ---------  --------  ----------  --------------  -------------------
/opt/airflow/dags/01_dag_exchange_rate.py                           1           0  0.23s           2026-04-29T04:36:17
/opt/airflow/dags/02_dag_daily_stats.py                             1           0  0.22s           2026-04-29T04:36:08
/opt/airflow/dags/03_dag_data_cleanup.py                            1           0  0.14s           2026-04-29T04:36:10
================================================================================
[2026-04-29T04:36:53.088+0000] {manager.py:878} INFO - 
================================================================================
DAG File Processing Stats

File Path                                  PID    Runtime      # DAGs    # Errors  Last Runtime    Last Run
-----------------------------------------  -----  ---------  --------  ----------  --------------  -------------------
/opt/airflow/dags/03_dag_data_cleanup.py                            1           0  0.30s           2026-04-29T04:36:41
/opt/airflow/dags/01_dag_exchange_rate.py                           1           0  0.25s           2026-04-29T04:36:48
/opt/airflow/dags/02_dag_daily_stats.py                             1           0  0.23s           2026-04-29T04:36:39
================================================================================
[2026-04-29T04:37:20.114+0000] {manager.py:878} INFO - 
================================================================================
DAG File Processing Stats

File Path                                  PID    Runtime      # DAGs    # Errors  Last Runtime    Last Run
-----------------------------------------  -----  ---------  --------  ----------  --------------  -------------------
/opt/airflow/dags/01_dag_exchange_rate.py                           1           0  0.33s           2026-04-29T04:37:18
/opt/airflow/dags/02_dag_daily_stats.py                             1           0  0.31s           2026-04-29T04:37:10
/opt/airflow/dags/03_dag_data_cleanup.py                            1           0  0.16s           2026-04-29T04:37:12
================================================================================
[2026-04-29T04:37:48.527+0000] {manager.py:878} INFO - 
================================================================================
DAG File Processing Stats

File Path                                  PID    Runtime      # DAGs    # Errors  Last Runtime    Last Run
-----------------------------------------  -----  ---------  --------  ----------  --------------  -------------------
/opt/airflow/dags/02_dag_daily_stats.py                             1           0  0.70s           2026-04-29T04:37:42
/opt/airflow/dags/01_dag_exchange_rate.py                           1           0  0.31s           2026-04-29T04:37:49
/opt/airflow/dags/03_dag_data_cleanup.py                            1           0  0.17s           2026-04-29T04:37:43
================================================================================
[2026-04-29T04:38:16.841+0000] {manager.py:878} INFO - 
================================================================================
DAG File Processing Stats

File Path                                  PID    Runtime      # DAGs    # Errors  Last Runtime    Last Run
-----------------------------------------  -----  ---------  --------  ----------  --------------  -------------------
/opt/airflow/dags/02_dag_daily_stats.py                             1           0  0.45s           2026-04-29T04:38:13
/opt/airflow/dags/01_dag_exchange_rate.py                           1           0  0.31s           2026-04-29T04:37:49
/opt/airflow/dags/03_dag_data_cleanup.py                            1           0  0.25s           2026-04-29T04:38:13
================================================================================
[2026-04-29T04:38:30.117+0000] {manager.py:737} INFO - Searching for files in /opt/airflow/dags
[2026-04-29T04:38:30.189+0000] {manager.py:740} INFO - There are 3 files in /opt/airflow/dags
[2026-04-29T04:38:45.710+0000] {manager.py:878} INFO - 
================================================================================
DAG File Processing Stats

File Path                                  PID    Runtime      # DAGs    # Errors  Last Runtime    Last Run
-----------------------------------------  -----  ---------  --------  ----------  --------------  -------------------
/opt/airflow/dags/02_dag_daily_stats.py                             1           0  1.14s           2026-04-29T04:38:44
/opt/airflow/dags/03_dag_data_cleanup.py                            1           0  0.68s           2026-04-29T04:38:44
/opt/airflow/dags/01_dag_exchange_rate.py                           1           0  0.34s           2026-04-29T04:38:19
================================================================================
[2026-04-29T04:39:14.075+0000] {manager.py:878} INFO - 
================================================================================
DAG File Processing Stats

File Path                                  PID    Runtime      # DAGs    # Errors  Last Runtime    Last Run
-----------------------------------------  -----  ---------  --------  ----------  --------------  -------------------
/opt/airflow/dags/01_dag_exchange_rate.py                           1           0  0.53s           2026-04-29T04:38:51
/opt/airflow/dags/02_dag_daily_stats.py                             1           0  -0.49s          2026-04-29T04:39:14
/opt/airflow/dags/03_dag_data_cleanup.py                            1           0  -0.57s          2026-04-29T04:39:14
================================================================================
[2026-04-29T04:39:42.511+0000] {manager.py:878} INFO - 
================================================================================
DAG File Processing Stats

File Path                                  PID    Runtime      # DAGs    # Errors  Last Runtime    Last Run
-----------------------------------------  -----  ---------  --------  ----------  --------------  -------------------
/opt/airflow/dags/01_dag_exchange_rate.py                           1           0  0.61s           2026-04-29T04:39:22
/opt/airflow/dags/02_dag_daily_stats.py                             1           0  -0.49s          2026-04-29T04:39:14
/opt/airflow/dags/03_dag_data_cleanup.py                            1           0  -0.57s          2026-04-29T04:39:14
================================================================================
[2026-04-29T04:40:10.983+0000] {manager.py:878} INFO - 
================================================================================
DAG File Processing Stats

File Path                                  PID    Runtime      # DAGs    # Errors  Last Runtime    Last Run
-----------------------------------------  -----  ---------  --------  ----------  --------------  -------------------
/opt/airflow/dags/01_dag_exchange_rate.py                           1           0  0.42s           2026-04-29T04:39:53
/opt/airflow/dags/02_dag_daily_stats.py                             1           0  0.28s           2026-04-29T04:39:44
/opt/airflow/dags/03_dag_data_cleanup.py                            1           0  0.19s           2026-04-29T04:39:44
================================================================================
[2026-04-29T04:40:39.557+0000] {manager.py:878} INFO - 
================================================================================
DAG File Processing Stats

File Path                                  PID    Runtime      # DAGs    # Errors  Last Runtime    Last Run
-----------------------------------------  -----  ---------  --------  ----------  --------------  -------------------
/opt/airflow/dags/02_dag_daily_stats.py                             1           0  0.37s           2026-04-29T04:40:14
/opt/airflow/dags/01_dag_exchange_rate.py                           1           0  0.23s           2026-04-29T04:40:24
/opt/airflow/dags/03_dag_data_cleanup.py                            1           0  0.20s           2026-04-29T04:40:14
================================================================================
[2026-04-29T04:41:07.972+0000] {manager.py:878} INFO - 
================================================================================
DAG File Processing Stats

File Path                                  PID    Runtime      # DAGs    # Errors  Last Runtime    Last Run
-----------------------------------------  -----  ---------  --------  ----------  --------------  -------------------
/opt/airflow/dags/01_dag_exchange_rate.py                           1           0  0.43s           2026-04-29T04:40:54
/opt/airflow/dags/02_dag_daily_stats.py                             1           0  0.40s           2026-04-29T04:40:45
/opt/airflow/dags/03_dag_data_cleanup.py                            1           0  0.31s           2026-04-29T04:40:44
================================================================================
[2026-04-29T04:41:36.495+0000] {manager.py:878} INFO - 
================================================================================
DAG File Processing Stats

File Path                                  PID    Runtime      # DAGs    # Errors  Last Runtime    Last Run
-----------------------------------------  -----  ---------  --------  ----------  --------------  -------------------
/opt/airflow/dags/01_dag_exchange_rate.py                           1           0  0.63s           2026-04-29T04:41:26
/opt/airflow/dags/02_dag_daily_stats.py                             1           0  0.23s           2026-04-29T04:41:16
/opt/airflow/dags/03_dag_data_cleanup.py                            1           0  0.17s           2026-04-29T04:41:15
================================================================================
[2026-04-29T04:42:04.998+0000] {manager.py:878} INFO - 
================================================================================
DAG File Processing Stats

File Path                                  PID    Runtime      # DAGs    # Errors  Last Runtime    Last Run
-----------------------------------------  -----  ---------  --------  ----------  --------------  -------------------
/opt/airflow/dags/01_dag_exchange_rate.py                           1           0  0.57s           2026-04-29T04:41:57
/opt/airflow/dags/02_dag_daily_stats.py                             1           0  0.29s           2026-04-29T04:41:46
/opt/airflow/dags/03_dag_data_cleanup.py                            1           0  0.18s           2026-04-29T04:41:45
================================================================================
[2026-04-29T04:48:47.911+0000] {manager.py:470} INFO - Processing files using up to 2 processes at a time 
[2026-04-29T04:48:47.914+0000] {manager.py:471} INFO - Process each file at most once every 30 seconds
[2026-04-29T04:48:47.915+0000] {manager.py:472} INFO - Checking for new files in /opt/airflow/dags every 300 seconds
[2026-04-29T04:48:47.917+0000] {manager.py:737} INFO - Searching for files in /opt/airflow/dags
[2026-04-29T04:48:48.009+0000] {manager.py:740} INFO - There are 3 files in /opt/airflow/dags
[2026-04-29T04:48:48.472+0000] {manager.py:878} INFO - 
================================================================================
DAG File Processing Stats

File Path                                    PID  Runtime      # DAGs    # Errors  Last Runtime    Last Run
-----------------------------------------  -----  ---------  --------  ----------  --------------  ----------
/opt/airflow/dags/01_dag_exchange_rate.py                           0           0
/opt/airflow/dags/02_dag_daily_stats.py      163  0.14s             0           0
/opt/airflow/dags/03_dag_data_cleanup.py     160  0.24s             0           0
================================================================================
[2026-04-29T04:49:16.931+0000] {manager.py:878} INFO - 
================================================================================
DAG File Processing Stats

File Path                                  PID    Runtime      # DAGs    # Errors  Last Runtime    Last Run
-----------------------------------------  -----  ---------  --------  ----------  --------------  -------------------
/opt/airflow/dags/02_dag_daily_stats.py                             1           0  2.73s           2026-04-29T04:48:51
/opt/airflow/dags/03_dag_data_cleanup.py                            1           0  2.32s           2026-04-29T04:48:50
/opt/airflow/dags/01_dag_exchange_rate.py                           1           0  1.54s           2026-04-29T04:48:52
================================================================================
[2026-04-29T04:49:45.521+0000] {manager.py:878} INFO - 
================================================================================
DAG File Processing Stats

File Path                                  PID    Runtime      # DAGs    # Errors  Last Runtime    Last Run
-----------------------------------------  -----  ---------  --------  ----------  --------------  -------------------
/opt/airflow/dags/02_dag_daily_stats.py                             1           0  0.71s           2026-04-29T04:49:22
/opt/airflow/dags/01_dag_exchange_rate.py                           1           0  0.40s           2026-04-29T04:49:22
/opt/airflow/dags/03_dag_data_cleanup.py                            1           0  0.19s           2026-04-29T04:49:20
================================================================================
[2026-04-29T04:50:14.711+0000] {manager.py:878} INFO - 
================================================================================
DAG File Processing Stats

File Path                                  PID    Runtime      # DAGs    # Errors  Last Runtime    Last Run
-----------------------------------------  -----  ---------  --------  ----------  --------------  -------------------
/opt/airflow/dags/02_dag_daily_stats.py                             1           0  1.01s           2026-04-29T04:49:54
/opt/airflow/dags/01_dag_exchange_rate.py                           1           0  0.93s           2026-04-29T04:49:54
/opt/airflow/dags/03_dag_data_cleanup.py                            1           0  0.23s           2026-04-29T04:49:51
================================================================================
[2026-04-29T04:50:43.093+0000] {manager.py:878} INFO - 
================================================================================
DAG File Processing Stats

File Path                                  PID    Runtime      # DAGs    # Errors  Last Runtime    Last Run
-----------------------------------------  -----  ---------  --------  ----------  --------------  -------------------
/opt/airflow/dags/03_dag_data_cleanup.py                            1           0  2.68s           2026-04-29T04:50:24
/opt/airflow/dags/02_dag_daily_stats.py                             1           0  1.11s           2026-04-29T04:50:25
/opt/airflow/dags/01_dag_exchange_rate.py                           1           0  1.07s           2026-04-29T04:50:25
================================================================================
[2026-04-29T04:51:11.939+0000] {manager.py:878} INFO - 
================================================================================
DAG File Processing Stats

File Path                                  PID    Runtime      # DAGs    # Errors  Last Runtime    Last Run
-----------------------------------------  -----  ---------  --------  ----------  --------------  -------------------
/opt/airflow/dags/02_dag_daily_stats.py                             1           0  1.05s           2026-04-29T04:50:56
/opt/airflow/dags/01_dag_exchange_rate.py                           1           0  0.98s           2026-04-29T04:50:56
/opt/airflow/dags/03_dag_data_cleanup.py                            1           0  0.59s           2026-04-29T04:50:55
================================================================================
[2026-04-29T04:51:40.873+0000] {manager.py:878} INFO - 
================================================================================
DAG File Processing Stats

File Path                                  PID    Runtime      # DAGs    # Errors  Last Runtime    Last Run
-----------------------------------------  -----  ---------  --------  ----------  --------------  -------------------
/opt/airflow/dags/02_dag_daily_stats.py                             1           0  0.36s           2026-04-29T04:51:27
/opt/airflow/dags/01_dag_exchange_rate.py                           1           0  0.35s           2026-04-29T04:51:27
/opt/airflow/dags/03_dag_data_cleanup.py                            1           0  0.17s           2026-04-29T04:51:26
================================================================================
[2026-04-29T04:52:09.728+0000] {manager.py:878} INFO - 
================================================================================
DAG File Processing Stats

File Path                                  PID    Runtime      # DAGs    # Errors  Last Runtime    Last Run
-----------------------------------------  -----  ---------  --------  ----------  --------------  -------------------
/opt/airflow/dags/03_dag_data_cleanup.py                            1           0  0.24s           2026-04-29T04:51:57
/opt/airflow/dags/02_dag_daily_stats.py                             1           0  -0.48s          2026-04-29T04:51:57
/opt/airflow/dags/01_dag_exchange_rate.py                           1           0  -0.50s          2026-04-29T04:51:57
================================================================================
[2026-04-29T04:52:38.748+0000] {manager.py:878} INFO - 
================================================================================
DAG File Processing Stats

File Path                                  PID    Runtime      # DAGs    # Errors  Last Runtime    Last Run
-----------------------------------------  -----  ---------  --------  ----------  --------------  -------------------
/opt/airflow/dags/01_dag_exchange_rate.py                           1           0  0.29s           2026-04-29T04:52:28
/opt/airflow/dags/02_dag_daily_stats.py                             1           0  0.27s           2026-04-29T04:52:28
/opt/airflow/dags/03_dag_data_cleanup.py                            1           0  0.19s           2026-04-29T04:52:27
================================================================================
[2026-04-29T04:53:07.522+0000] {manager.py:878} INFO - 
================================================================================
DAG File Processing Stats

File Path                                  PID    Runtime      # DAGs    # Errors  Last Runtime    Last Run
-----------------------------------------  -----  ---------  --------  ----------  --------------  -------------------
/opt/airflow/dags/02_dag_daily_stats.py                             1           0  0.27s           2026-04-29T04:52:59
/opt/airflow/dags/01_dag_exchange_rate.py                           1           0  0.25s           2026-04-29T04:52:59
/opt/airflow/dags/03_dag_data_cleanup.py                            1           0  0.19s           2026-04-29T04:52:58
================================================================================
[2026-04-29T04:53:36.480+0000] {manager.py:878} INFO - 
================================================================================
DAG File Processing Stats

File Path                                  PID    Runtime      # DAGs    # Errors  Last Runtime    Last Run
-----------------------------------------  -----  ---------  --------  ----------  --------------  -------------------
/opt/airflow/dags/02_dag_daily_stats.py                             1           0  0.28s           2026-04-29T04:53:30
/opt/airflow/dags/01_dag_exchange_rate.py                           1           0  0.28s           2026-04-29T04:53:30
/opt/airflow/dags/03_dag_data_cleanup.py                            1           0  0.18s           2026-04-29T04:53:29
================================================================================
[2026-04-29T04:53:48.656+0000] {manager.py:737} INFO - Searching for files in /opt/airflow/dags
[2026-04-29T04:53:48.717+0000] {manager.py:740} INFO - There are 3 files in /opt/airflow/dags
[2026-04-29T04:54:04.765+0000] {manager.py:878} INFO - 
================================================================================
DAG File Processing Stats

File Path                                  PID    Runtime      # DAGs    # Errors  Last Runtime    Last Run
-----------------------------------------  -----  ---------  --------  ----------  --------------  -------------------
/opt/airflow/dags/02_dag_daily_stats.py                             1           0  0.40s           2026-04-29T04:54:01
/opt/airflow/dags/01_dag_exchange_rate.py                           1           0  0.39s           2026-04-29T04:54:01
/opt/airflow/dags/03_dag_data_cleanup.py                            1           0  0.29s           2026-04-29T04:54:00
================================================================================
[2026-04-29T04:54:34.607+0000] {manager.py:878} INFO - 
================================================================================
DAG File Processing Stats

File Path                                  PID    Runtime      # DAGs    # Errors  Last Runtime    Last Run
-----------------------------------------  -----  ---------  --------  ----------  --------------  -------------------
/opt/airflow/dags/02_dag_daily_stats.py                             1           0  1.41s           2026-04-29T04:54:33
/opt/airflow/dags/01_dag_exchange_rate.py                           1           0  1.23s           2026-04-29T04:54:33
/opt/airflow/dags/03_dag_data_cleanup.py                            1           0  0.25s           2026-04-29T04:54:31
================================================================================
[2026-04-29T04:55:03.393+0000] {manager.py:878} INFO - 
================================================================================
DAG File Processing Stats

File Path                                  PID    Runtime      # DAGs    # Errors  Last Runtime    Last Run
-----------------------------------------  -----  ---------  --------  ----------  --------------  -------------------
/opt/airflow/dags/02_dag_daily_stats.py                             1           0  1.41s           2026-04-29T04:54:33
/opt/airflow/dags/01_dag_exchange_rate.py                           1           0  1.23s           2026-04-29T04:54:33
/opt/airflow/dags/03_dag_data_cleanup.py                            1           0  0.40s           2026-04-29T04:55:02
================================================================================
[2026-04-29T04:55:31.926+0000] {manager.py:878} INFO - 
================================================================================
DAG File Processing Stats

File Path                                  PID    Runtime      # DAGs    # Errors  Last Runtime    Last Run
-----------------------------------------  -----  ---------  --------  ----------  --------------  -------------------
/opt/airflow/dags/02_dag_daily_stats.py                             1           0  0.59s           2026-04-29T04:55:04
/opt/airflow/dags/01_dag_exchange_rate.py                           1           0  0.59s           2026-04-29T04:55:04
/opt/airflow/dags/03_dag_data_cleanup.py                            1           0  0.40s           2026-04-29T04:55:02
================================================================================
[2026-04-29T04:56:00.230+0000] {manager.py:878} INFO - 
================================================================================
DAG File Processing Stats

File Path                                  PID    Runtime      # DAGs    # Errors  Last Runtime    Last Run
-----------------------------------------  -----  ---------  --------  ----------  --------------  -------------------
/opt/airflow/dags/02_dag_daily_stats.py                             1           0  0.65s           2026-04-29T04:55:35
/opt/airflow/dags/01_dag_exchange_rate.py                           1           0  0.63s           2026-04-29T04:55:35
/opt/airflow/dags/03_dag_data_cleanup.py                            1           0  0.32s           2026-04-29T04:55:33
================================================================================
[2026-04-29T04:56:28.533+0000] {manager.py:878} INFO - 
================================================================================
DAG File Processing Stats

File Path                                  PID    Runtime      # DAGs    # Errors  Last Runtime    Last Run
-----------------------------------------  -----  ---------  --------  ----------  --------------  -------------------
/opt/airflow/dags/03_dag_data_cleanup.py                            1           0  0.38s           2026-04-29T04:56:04
/opt/airflow/dags/02_dag_daily_stats.py                             1           0  0.28s           2026-04-29T04:56:06
/opt/airflow/dags/01_dag_exchange_rate.py                           1           0  0.27s           2026-04-29T04:56:06
================================================================================
[2026-04-29T06:42:29.425+0000] {manager.py:470} INFO - Processing files using up to 2 processes at a time 
[2026-04-29T06:42:29.429+0000] {manager.py:471} INFO - Process each file at most once every 30 seconds
[2026-04-29T06:42:29.431+0000] {manager.py:472} INFO - Checking for new files in /opt/airflow/dags every 300 seconds
[2026-04-29T06:42:29.433+0000] {manager.py:737} INFO - Searching for files in /opt/airflow/dags
[2026-04-29T06:42:29.547+0000] {manager.py:740} INFO - There are 3 files in /opt/airflow/dags
[2026-04-29T06:42:30.921+0000] {manager.py:878} INFO - 
================================================================================
DAG File Processing Stats

File Path                                    PID  Runtime      # DAGs    # Errors  Last Runtime    Last Run
-----------------------------------------  -----  ---------  --------  ----------  --------------  ----------
/opt/airflow/dags/01_dag_exchange_rate.py                           0           0
/opt/airflow/dags/02_dag_daily_stats.py      163  0.59s             0           0
/opt/airflow/dags/03_dag_data_cleanup.py     160  0.73s             0           0
================================================================================
[2026-04-29T06:43:01.115+0000] {manager.py:878} INFO - 
================================================================================
DAG File Processing Stats

File Path                                  PID    Runtime      # DAGs    # Errors  Last Runtime    Last Run
-----------------------------------------  -----  ---------  --------  ----------  --------------  -------------------
/opt/airflow/dags/02_dag_daily_stats.py                             1           0  3.67s           2026-04-29T06:42:33
/opt/airflow/dags/03_dag_data_cleanup.py                            1           0  3.30s           2026-04-29T06:42:33
/opt/airflow/dags/01_dag_exchange_rate.py                           1           0  1.34s           2026-04-29T06:42:34
================================================================================
[2026-04-29T06:43:31.175+0000] {manager.py:878} INFO - 
================================================================================
DAG File Processing Stats

File Path                                  PID    Runtime      # DAGs    # Errors  Last Runtime    Last Run
-----------------------------------------  -----  ---------  --------  ----------  --------------  -------------------
/opt/airflow/dags/02_dag_daily_stats.py                             1           0  0.53s           2026-04-29T06:43:04
/opt/airflow/dags/03_dag_data_cleanup.py                            1           0  0.47s           2026-04-29T06:43:04
/opt/airflow/dags/01_dag_exchange_rate.py                           1           0  0.44s           2026-04-29T06:43:05
================================================================================
[2026-04-29T06:44:01.574+0000] {manager.py:878} INFO - 
================================================================================
DAG File Processing Stats

File Path                                  PID    Runtime      # DAGs    # Errors  Last Runtime    Last Run
-----------------------------------------  -----  ---------  --------  ----------  --------------  -------------------
/opt/airflow/dags/02_dag_daily_stats.py                             1           0  0.77s           2026-04-29T06:43:35
/opt/airflow/dags/01_dag_exchange_rate.py                           1           0  0.75s           2026-04-29T06:43:36
/opt/airflow/dags/03_dag_data_cleanup.py                            1           0  0.56s           2026-04-29T06:43:34
================================================================================
[2026-04-29T06:44:31.956+0000] {manager.py:878} INFO - 
================================================================================
DAG File Processing Stats

File Path                                  PID    Runtime      # DAGs    # Errors  Last Runtime    Last Run
-----------------------------------------  -----  ---------  --------  ----------  --------------  -------------------
/opt/airflow/dags/01_dag_exchange_rate.py                           1           0  0.65s           2026-04-29T06:44:07
/opt/airflow/dags/02_dag_daily_stats.py                             1           0  0.58s           2026-04-29T06:44:06
/opt/airflow/dags/03_dag_data_cleanup.py                            1           0  0.56s           2026-04-29T06:44:05
================================================================================
[2026-04-29T06:45:02.202+0000] {manager.py:878} INFO - 
================================================================================
DAG File Processing Stats

File Path                                  PID    Runtime      # DAGs    # Errors  Last Runtime    Last Run
-----------------------------------------  -----  ---------  --------  ----------  --------------  -------------------
/opt/airflow/dags/01_dag_exchange_rate.py                           1           0  0.42s           2026-04-29T06:44:38
/opt/airflow/dags/02_dag_daily_stats.py                             1           0  0.37s           2026-04-29T06:44:36
/opt/airflow/dags/03_dag_data_cleanup.py                            1           0  0.31s           2026-04-29T06:44:35
================================================================================
[2026-04-29T06:45:32.257+0000] {manager.py:878} INFO - 
================================================================================
DAG File Processing Stats

File Path                                  PID    Runtime      # DAGs    # Errors  Last Runtime    Last Run
-----------------------------------------  -----  ---------  --------  ----------  --------------  -------------------
/opt/airflow/dags/03_dag_data_cleanup.py                            1           0  0.32s           2026-04-29T06:45:06
/opt/airflow/dags/02_dag_daily_stats.py                             1           0  0.28s           2026-04-29T06:45:07
/opt/airflow/dags/01_dag_exchange_rate.py                           1           0  0.27s           2026-04-29T06:45:09
================================================================================
[2026-04-29T06:46:02.320+0000] {manager.py:878} INFO - 
================================================================================
DAG File Processing Stats

File Path                                  PID    Runtime      # DAGs    # Errors  Last Runtime    Last Run
-----------------------------------------  -----  ---------  --------  ----------  --------------  -------------------
/opt/airflow/dags/01_dag_exchange_rate.py                           1           0  0.64s           2026-04-29T06:45:40
/opt/airflow/dags/02_dag_daily_stats.py                             1           0  0.42s           2026-04-29T06:45:38
/opt/airflow/dags/03_dag_data_cleanup.py                            1           0  0.26s           2026-04-29T06:45:37
================================================================================
[2026-04-29T06:46:32.624+0000] {manager.py:878} INFO - 
================================================================================
DAG File Processing Stats

File Path                                  PID    Runtime      # DAGs    # Errors  Last Runtime    Last Run
-----------------------------------------  -----  ---------  --------  ----------  --------------  -------------------
/opt/airflow/dags/01_dag_exchange_rate.py                           1           0  0.59s           2026-04-29T06:46:10
/opt/airflow/dags/02_dag_daily_stats.py                             1           0  0.38s           2026-04-29T06:46:09
/opt/airflow/dags/03_dag_data_cleanup.py                            1           0  0.25s           2026-04-29T06:46:07
================================================================================
[2026-04-29T06:47:02.991+0000] {manager.py:878} INFO - 
================================================================================
DAG File Processing Stats

File Path                                  PID    Runtime      # DAGs    # Errors  Last Runtime    Last Run
-----------------------------------------  -----  ---------  --------  ----------  --------------  -------------------
/opt/airflow/dags/02_dag_daily_stats.py                             1           0  0.28s           2026-04-29T06:46:39
/opt/airflow/dags/01_dag_exchange_rate.py                           1           0  0.28s           2026-04-29T06:46:41
/opt/airflow/dags/03_dag_data_cleanup.py                            1           0  0.24s           2026-04-29T06:46:38
================================================================================
[2026-04-29T06:47:29.434+0000] {manager.py:737} INFO - Searching for files in /opt/airflow/dags
[2026-04-29T06:47:29.474+0000] {manager.py:740} INFO - There are 3 files in /opt/airflow/dags
[2026-04-29T06:47:33.526+0000] {manager.py:878} INFO - 
================================================================================
DAG File Processing Stats

File Path                                  PID    Runtime      # DAGs    # Errors  Last Runtime    Last Run
-----------------------------------------  -----  ---------  --------  ----------  --------------  -------------------
/opt/airflow/dags/02_dag_daily_stats.py                             1           0  1.01s           2026-04-29T06:47:11
/opt/airflow/dags/01_dag_exchange_rate.py                           1           0  0.29s           2026-04-29T06:47:12
/opt/airflow/dags/03_dag_data_cleanup.py                            1           0  0.17s           2026-04-29T06:47:09
================================================================================
[2026-04-29T06:48:04.229+0000] {manager.py:878} INFO - 
================================================================================
DAG File Processing Stats

File Path                                  PID    Runtime      # DAGs    # Errors  Last Runtime    Last Run
-----------------------------------------  -----  ---------  --------  ----------  --------------  -------------------
/opt/airflow/dags/01_dag_exchange_rate.py                           1           0  0.21s           2026-04-29T06:47:42
/opt/airflow/dags/02_dag_daily_stats.py                             1           0  0.21s           2026-04-29T06:47:41
/opt/airflow/dags/03_dag_data_cleanup.py                            1           0  0.15s           2026-04-29T06:47:39
================================================================================
[2026-04-29T06:48:34.719+0000] {manager.py:878} INFO - 
================================================================================
DAG File Processing Stats

File Path                                  PID    Runtime      # DAGs    # Errors  Last Runtime    Last Run
-----------------------------------------  -----  ---------  --------  ----------  --------------  -------------------
/opt/airflow/dags/03_dag_data_cleanup.py                            1           0  0.58s           2026-04-29T06:48:10
/opt/airflow/dags/02_dag_daily_stats.py                             1           0  0.46s           2026-04-29T06:48:12
/opt/airflow/dags/01_dag_exchange_rate.py                           1           0  0.42s           2026-04-29T06:48:13
================================================================================
[2026-04-29T06:49:04.825+0000] {manager.py:878} INFO - 
================================================================================
DAG File Processing Stats

File Path                                  PID    Runtime      # DAGs    # Errors  Last Runtime    Last Run
-----------------------------------------  -----  ---------  --------  ----------  --------------  -------------------
/opt/airflow/dags/03_dag_data_cleanup.py                            1           0  0.74s           2026-04-29T06:48:42
/opt/airflow/dags/02_dag_daily_stats.py                             1           0  0.43s           2026-04-29T06:48:43
/opt/airflow/dags/01_dag_exchange_rate.py                           1           0  0.37s           2026-04-29T06:48:44
================================================================================
[2026-04-29T06:49:35.497+0000] {manager.py:878} INFO - 
================================================================================
DAG File Processing Stats

File Path                                  PID    Runtime      # DAGs    # Errors  Last Runtime    Last Run
-----------------------------------------  -----  ---------  --------  ----------  --------------  -------------------
/opt/airflow/dags/03_dag_data_cleanup.py                            1           0  0.56s           2026-04-29T06:49:13
/opt/airflow/dags/02_dag_daily_stats.py                             1           0  0.36s           2026-04-29T06:49:14
/opt/airflow/dags/01_dag_exchange_rate.py                           1           0  0.29s           2026-04-29T06:49:15
================================================================================
[2026-04-29T06:50:06.347+0000] {manager.py:878} INFO - 
================================================================================
DAG File Processing Stats

File Path                                  PID    Runtime      # DAGs    # Errors  Last Runtime    Last Run
-----------------------------------------  -----  ---------  --------  ----------  --------------  -------------------
/opt/airflow/dags/02_dag_daily_stats.py                             1           0  0.29s           2026-04-29T06:49:44
/opt/airflow/dags/01_dag_exchange_rate.py                           1           0  0.25s           2026-04-29T06:49:46
/opt/airflow/dags/03_dag_data_cleanup.py                            1           0  0.18s           2026-04-29T06:49:43
================================================================================
[2026-04-29T06:50:37.168+0000] {manager.py:878} INFO - 
================================================================================
DAG File Processing Stats

File Path                                  PID    Runtime      # DAGs    # Errors  Last Runtime    Last Run
-----------------------------------------  -----  ---------  --------  ----------  --------------  -------------------
/opt/airflow/dags/02_dag_daily_stats.py                             1           0  0.44s           2026-04-29T06:50:15
/opt/airflow/dags/01_dag_exchange_rate.py                           1           0  0.37s           2026-04-29T06:50:17
/opt/airflow/dags/03_dag_data_cleanup.py                            1           0  0.15s           2026-04-29T06:50:14
================================================================================
[2026-04-29T06:51:07.385+0000] {manager.py:878} INFO - 
================================================================================
DAG File Processing Stats

File Path                                  PID    Runtime      # DAGs    # Errors  Last Runtime    Last Run
-----------------------------------------  -----  ---------  --------  ----------  --------------  -------------------
/opt/airflow/dags/02_dag_daily_stats.py                             1           0  0.67s           2026-04-29T06:50:47
/opt/airflow/dags/03_dag_data_cleanup.py                            1           0  0.37s           2026-04-29T06:50:45
/opt/airflow/dags/01_dag_exchange_rate.py                           1           0  0.34s           2026-04-29T06:50:47
================================================================================
[2026-04-29T06:51:38.257+0000] {manager.py:878} INFO - 
================================================================================
DAG File Processing Stats

File Path                                  PID    Runtime      # DAGs    # Errors  Last Runtime    Last Run
-----------------------------------------  -----  ---------  --------  ----------  --------------  -------------------
/opt/airflow/dags/01_dag_exchange_rate.py                           1           0  0.31s           2026-04-29T06:51:18
/opt/airflow/dags/02_dag_daily_stats.py                             1           0  0.30s           2026-04-29T06:51:18
/opt/airflow/dags/03_dag_data_cleanup.py                            1           0  0.16s           2026-04-29T06:51:15
================================================================================
[2026-04-29T06:52:09.159+0000] {manager.py:878} INFO - 
================================================================================
DAG File Processing Stats

File Path                                  PID    Runtime      # DAGs    # Errors  Last Runtime    Last Run
-----------------------------------------  -----  ---------  --------  ----------  --------------  -------------------
/opt/airflow/dags/01_dag_exchange_rate.py                           1           0  0.57s           2026-04-29T06:51:48
/opt/airflow/dags/02_dag_daily_stats.py                             1           0  0.57s           2026-04-29T06:51:48
/opt/airflow/dags/03_dag_data_cleanup.py                            1           0  0.16s           2026-04-29T06:51:46
================================================================================
[2026-04-29T06:52:29.654+0000] {manager.py:737} INFO - Searching for files in /opt/airflow/dags
[2026-04-29T06:52:29.740+0000] {manager.py:740} INFO - There are 3 files in /opt/airflow/dags
[2026-04-29T06:52:39.938+0000] {manager.py:878} INFO - 
================================================================================
DAG File Processing Stats

File Path                                  PID    Runtime      # DAGs    # Errors  Last Runtime    Last Run
-----------------------------------------  -----  ---------  --------  ----------  --------------  -------------------
/opt/airflow/dags/02_dag_daily_stats.py                             1           0  0.27s           2026-04-29T06:52:19
/opt/airflow/dags/01_dag_exchange_rate.py                           1           0  0.27s           2026-04-29T06:52:19
/opt/airflow/dags/03_dag_data_cleanup.py                            1           0  0.14s           2026-04-29T06:52:17
================================================================================
[2026-04-29T06:53:10.569+0000] {manager.py:878} INFO - 
================================================================================
DAG File Processing Stats

File Path                                  PID    Runtime      # DAGs    # Errors  Last Runtime    Last Run
-----------------------------------------  -----  ---------  --------  ----------  --------------  -------------------
/opt/airflow/dags/01_dag_exchange_rate.py                           1           0  3.37s           2026-04-29T06:52:53
/opt/airflow/dags/02_dag_daily_stats.py                             1           0  2.71s           2026-04-29T06:52:52
/opt/airflow/dags/03_dag_data_cleanup.py                            1           0  0.30s           2026-04-29T06:52:48
================================================================================
[2026-04-29T06:53:40.658+0000] {manager.py:878} INFO - 
================================================================================
DAG File Processing Stats

File Path                                  PID    Runtime      # DAGs    # Errors  Last Runtime    Last Run
-----------------------------------------  -----  ---------  --------  ----------  --------------  -------------------
/opt/airflow/dags/02_dag_daily_stats.py                             1           0  0.46s           2026-04-29T06:53:23
/opt/airflow/dags/01_dag_exchange_rate.py                           1           0  0.43s           2026-04-29T06:53:24
/opt/airflow/dags/03_dag_data_cleanup.py                            1           0  0.28s           2026-04-29T06:53:18
================================================================================
[2026-04-29T06:54:10.682+0000] {manager.py:878} INFO - 
================================================================================
DAG File Processing Stats

File Path                                  PID    Runtime      # DAGs    # Errors  Last Runtime    Last Run
-----------------------------------------  -----  ---------  --------  ----------  --------------  -------------------
/opt/airflow/dags/01_dag_exchange_rate.py                           1           0  0.52s           2026-04-29T06:53:55
/opt/airflow/dags/03_dag_data_cleanup.py                            1           0  0.34s           2026-04-29T06:53:50
/opt/airflow/dags/02_dag_daily_stats.py                             1           0  0.29s           2026-04-29T06:53:54
================================================================================
[2026-04-29T06:54:40.983+0000] {manager.py:878} INFO - 
================================================================================
DAG File Processing Stats

File Path                                  PID    Runtime      # DAGs    # Errors  Last Runtime    Last Run
-----------------------------------------  -----  ---------  --------  ----------  --------------  -------------------
/opt/airflow/dags/03_dag_data_cleanup.py                            1           0  0.78s           2026-04-29T06:54:21
/opt/airflow/dags/02_dag_daily_stats.py                             1           0  0.52s           2026-04-29T06:54:24
/opt/airflow/dags/01_dag_exchange_rate.py                           1           0  0.38s           2026-04-29T06:54:26
================================================================================
[2026-04-29T06:55:11.217+0000] {manager.py:878} INFO - 
================================================================================
DAG File Processing Stats

File Path                                  PID    Runtime      # DAGs    # Errors  Last Runtime    Last Run
-----------------------------------------  -----  ---------  --------  ----------  --------------  -------------------
/opt/airflow/dags/02_dag_daily_stats.py                             1           0  0.89s           2026-04-29T06:54:55
/opt/airflow/dags/01_dag_exchange_rate.py                           1           0  0.42s           2026-04-29T06:54:56
/opt/airflow/dags/03_dag_data_cleanup.py                            1           0  0.26s           2026-04-29T06:54:51
================================================================================
[2026-04-29T06:55:41.628+0000] {manager.py:878} INFO - 
================================================================================
DAG File Processing Stats

File Path                                  PID    Runtime      # DAGs    # Errors  Last Runtime    Last Run
-----------------------------------------  -----  ---------  --------  ----------  --------------  -------------------
/opt/airflow/dags/01_dag_exchange_rate.py                           1           0  0.34s           2026-04-29T06:55:27
/opt/airflow/dags/02_dag_daily_stats.py                             1           0  0.31s           2026-04-29T06:55:26
/opt/airflow/dags/03_dag_data_cleanup.py                            1           0  0.23s           2026-04-29T06:55:22
================================================================================
[2026-04-29T06:55:49.050+0000] {manager.py:452} INFO - Exiting gracefully upon receiving signal 15
